antecedents;consequents;antecedent support;consequent support;support;confidence;lift;representativity;leverage;conviction;zhangs_metric;jaccard;certainty;kulczynski;complexidade
frozenset({'Alta_Renda', 'Internet'});frozenset({'TV', 'Celular_Net', 'Urbano', 'Alta_Escol'});0.2469385328736179;0.3689612808623628;0.15566916339713865;0.630396405071417;1.708570621822456;1.0;0.06455840601381592;1.707339235322022;0.5507059659922172;0.33824162576422967;0.4142933171617827;0.5261541638676097;6
frozenset({'Alta_Renda', 'Urbano', 'Internet'});frozenset({'TV', 'Celular_Net', 'Alta_Escol'});0.21523401894344707;0.42491974794911425;0.15566916339713865;0.7232553857484809;1.702098782744956;1.0;0.06421197831761424;2.078017863531843;0.5256217047754439;0.3213087934560327;0.5187721830743174;0.5448024736987135;6
frozenset({'Celular_Net', 'Alta_Renda'});frozenset({'TV', 'Alta_Escol', 'Urbano', 'Internet'});0.2341378353743114;0.3960686402726588;0.15566916339713865;0.6648612051455653;1.6786514698257005;1.0;0.0629345093040515;1.8020335723581475;0.5278805300058228;0.3280440955403374;0.4450713819435691;0.5289485133192305;6
frozenset({'TV', 'Alta_Renda', 'Internet'});frozenset({'Celular_Net', 'Urbano', 'Alta_Escol'});0.23429635794396228;0.3959497483454207;0.15566916339713865;0.6644113667117726;1.6780194191010067;1.0;0.06289957943097818;1.7999723224707018;0.5276967717976419;0.32801670146137785;0.444435901865776;0.5287826025831909;6
frozenset({'Celular_Net', 'Alta_Renda', 'Urbano'});frozenset({'TV', 'Alta_Escol', 'Internet'});0.20421670035271272;0.45690167637617407;0.15566916339713865;0.7622744032602367;1.668355452985129;1.0;0.062362210661973394;2.2845597237825093;0.503412609744322;0.3079818096283518;0.56227889794699;0.5514902244421576;6
frozenset({'TV', 'Alta_Renda', 'Urbano', 'Internet'});frozenset({'Celular_Net', 'Alta_Escol'});0.20485079063131614;0.45713946023065033;0.15566916339713865;0.7599148771522537;1.6623261460930054;1.0;0.062023783540116825;2.261116946065888;0.5010799580852473;0.3074514715090795;0.5577406990205006;0.5502218512332573;6
frozenset({'Alta_Renda', 'Internet'});frozenset({'Celular_Net', 'Urbano', 'Alta_Escol'});0.2469385328736179;0.3959497483454207;0.1621685887528237;0.6567164179104478;1.6585852640510788;1.0;0.0643933388047273;1.7596246461242095;0.5272830132713302;0.3373454245671888;0.43169698026074843;0.5331425148305117;5
frozenset({'Alta_Renda', 'Urbano', 'Internet'});frozenset({'Celular_Net', 'Alta_Escol'});0.21523401894344707;0.45713946023065033;0.1621685887528237;0.7534524028723992;1.6481893785591026;1.0;0.06377662550974274;2.2018488360622395;0.5011348789970859;0.31784993009165763;0.5458362156285042;0.5540994133997887;5
frozenset({'Alta_Renda', 'Internet'});frozenset({'TV', 'Celular_Net', 'Alta_Escol'});0.2469385328736179;0.42491974794911425;0.1710854832956842;0.6928261916225325;1.6304871566136319;1.0;0.06615642414810244;1.8721656481343096;0.5134857974424842;0.34164292497625826;0.46585923046043426;0.5477281489729897;5
frozenset({'TV', 'Celular_Net', 'Alta_Renda'});frozenset({'Alta_Escol', 'Urbano', 'Internet'});0.22335830063805334;0.42923948797210004;0.15566916339713865;0.6969481902058197;1.6236814406299924;1.0;0.059794960796942256;1.88337602212485;0.4945853967631064;0.3132626206236542;0.469038583770549;0.5298054587812405;6
frozenset({'Celular_Net', 'Alta_Renda'});frozenset({'Alta_Escol', 'Urbano', 'Internet'});0.2341378353743114;0.42923948797210004;0.1621685887528237;0.6926201760324984;1.613598458298221;1.0;0.06166738418185841;1.8568574367075077;0.4965216324662137;0.3235549932790385;0.46145569378058815;0.535212313110885;5
frozenset({'TV', 'Celular_Net', 'Alta_Renda', 'Urbano'});frozenset({'Alta_Escol', 'Internet'});0.1954186977370903;0.49680973328577654;0.15566916339713865;0.7965929831677144;1.6034166196770054;1.0;0.058583252295321034;2.4738097758403144;0.4677361655699548;0.29012482458084055;0.5957651999898353;0.5549652854575011;6
frozenset({'Celular_Net', 'Alta_Renda'});frozenset({'TV', 'Alta_Escol', 'Internet'});0.2341378353743114;0.45690167637617407;0.1710854832956842;0.7307041299932295;1.599259026118411;1.0;0.06410751381007265;2.016734692627004;0.4892661372755084;0.3290396341463414;0.5041489573934005;0.5525755882857117;5
frozenset({'Celular_Net', 'Alta_Renda', 'Urbano'});frozenset({'Alta_Escol', 'Internet'});0.20421670035271272;0.49680973328577654;0.1621685887528237;0.7941005239666215;1.5983996905910784;1.0;0.060711744318091135;2.4438637553048013;0.47044748669057884;0.30094873869235866;0.5908118863707773;0.5602602173119642;5
frozenset({'TV', 'Alta_Renda', 'Internet'});frozenset({'Celular_Net', 'Alta_Escol'});0.23429635794396228;0.45713946023065033;0.1710854832956842;0.7302097428958051;1.5973456820537364;1.0;0.06397937269117406;2.01215768722031;0.4883892586961822;0.3287890327494287;0.5030210572703935;0.552231009289255;5
frozenset({'Alta_Renda', 'Urbano'});frozenset({'TV', 'Celular_Net', 'Alta_Escol', 'Internet'});0.23152221297507233;0.4234930448222566;0.15566916339713865;0.6723724751797329;1.5876824505156466;1.0;0.05762111648033831;1.7596413961067796;0.4816679604759214;0.31174603174603166;0.4317023899230219;0.5199781148124005;6
frozenset({'Alta_Renda', 'Urbano'});frozenset({'TV', 'Celular_Net', 'Alta_Escol'});0.23152221297507233;0.42491974794911425;0.15582768596678953;0.6730571722013009;1.5839630317249977;1.0;0.05744932558480065;1.7589627395189917;0.4797433844281674;0.3112729575680811;0.4314831249504118;0.5198898992884886;5
frozenset({'Alta_Renda', 'Internet'});frozenset({'Celular_Net', 'Alta_Escol'});0.2469385328736179;0.45713946023065033;0.17845678278444893;0.7226769378911891;1.5808675486613244;1.0;0.06557143515645454;1.9575023283002413;0.4879229024666641;0.33951594661841217;0.4891449243545317;0.5565270255125647;4
frozenset({'TV', 'Alta_Renda'});frozenset({'Celular_Net', 'Urbano', 'Alta_Escol', 'Internet'});0.25058455197558754;0.39448341457615027;0.15566916339713865;0.6212241024829985;1.5747787600917724;1.0;0.05681771369377407;1.5986143505782888;0.48703314876664133;0.3180824358247631;0.37445826153239753;0.5079196662706332;6
frozenset({'TV', 'Alta_Renda'});frozenset({'Celular_Net', 'Urbano', 'Alta_Escol'});0.25058455197558754;0.3959497483454207;0.15582768596678953;0.6218567135853235;1.5705445354717713;1.0;0.05660879567280565;1.5974110168180284;0.48474869987029634;0.31755774511387497;0.3739870393582513;0.5077054561821123;5
frozenset({'TV_Assinatura', 'Internet'});frozenset({'TV', 'Celular_Net', 'Urbano'});0.12828438948995363;0.5390559980977292;0.10850869892600959;0.8458449181340747;1.569122542220049;1.0;0.0393562293091448;2.990131731778858;0.4160773769744443;0.1941706261967236;0.6655665737492139;0.5235694227488489;5
frozenset({'TV', 'Alta_Renda', 'Urbano'});frozenset({'Celular_Net', 'Alta_Escol', 'Internet'});0.2179685332699243;0.4552371893948401;0.15566916339713865;0.7141818181818181;1.5688125549039624;1.0;0.05644178093482262;1.9059767546618185;0.4636325185627309;0.30078872808025114;0.47533462957819134;0.5280667948748388;6
frozenset({'TV', 'Alta_Renda', 'Urbano'});frozenset({'Celular_Net', 'Alta_Escol'});0.2179685332699243;0.45713946023065033;0.15582768596678953;0.7149090909090909;1.5638752571225913;1.0;0.05618566832050979;1.9041664341399385;0.46105920962447877;0.300083950240403;0.47483582208417957;0.527892343460614;5
frozenset({'Celular_Net', 'Alta_Renda', 'Internet'});frozenset({'TV', 'Alta_Escol', 'Urbano'});0.23366226766535886;0.42654460428803553;0.15566916339713865;0.666214382632293;1.5618867896460698;1.0;0.056001783898773125;1.7180350676411291;0.46943888477362644;0.308538213808813;0.4179397040055736;0.5155841958687806;6
frozenset({'Celular_Net', 'Alta_Renda'});frozenset({'TV', 'Alta_Escol', 'Urbano'});0.2341378353743114;0.42654460428803553;0.15582768596678953;0.6655382532159784;1.560301657846212;1.0;0.055957455628196665;1.7145619827258534;0.468881095045265;0.3086584504278201;0.41676065952997804;0.51543195295752;5
frozenset({'TV_Assinatura'});frozenset({'TV', 'Alta_Escol'});0.13161336345262156;0.49617564300717315;0.10141481393413387;0.7705510388437218;1.552980380442782;1.0;0.03611146869469259;2.195801429886061;0.41004415188196036;0.19266676705315464;0.5445854136036837;0.4874720050448641;3
frozenset({'TV_Assinatura'});frozenset({'Alta_Escol', 'Internet'});0.13161336345262156;0.49680973328577654;0.10141481393413387;0.7705510388437218;1.5509982740223063;1.0;0.03602801394039298;2.193037894695454;0.40909652678710157;0.1924349526244548;0.544011527379982;0.48734156919850413;3
frozenset({'Alta_Escol', 'Alta_Renda', 'Internet'});frozenset({'TV', 'Celular_Net', 'Urbano'});0.18677921769111877;0.5390559980977292;0.15566916339713865;0.8334394228729046;1.5461091719858846;1.0;0.05498470578073959;2.7674255808476445;0.43434101844904177;0.27302425801070407;0.6386533365447513;0.5611102422407458;6
frozenset({'TV', 'Celular_Net', 'Alta_Renda'});frozenset({'Alta_Escol', 'Internet'});0.22335830063805334;0.49680973328577654;0.1710854832956842;0.7659687721788502;1.5417748905862259;1.0;0.06011890552852864;2.1500988197129356;0.45245688343068585;0.31158426560808367;0.5349050979277725;0.5551684958533051;5
frozenset({'Celular_Net', 'Alta_Renda', 'Urbano', 'Internet'});frozenset({'TV', 'Alta_Escol'});0.203899655213411;0.49617564300717315;0.15566916339713865;0.7634596695821185;1.538688326083514;1.0;0.05449912086268355;2.129972322701803;0.43976341166079025;0.285943073451263;0.5305103313588921;0.5385988443757238;6
frozenset({'Alta_Renda', 'Urbano'});frozenset({'Celular_Net', 'Alta_Escol', 'Internet'});0.23152221297507233;0.4552371893948401;0.1621685887528237;0.7004450530640192;1.5386375924057105;1.0;0.05677106723557819;1.8185739083173393;0.4555426066843902;0.3091334894613584;0.4501185816939034;0.5283369167122133;5
frozenset({'Alta_Renda', 'Internet'});frozenset({'TV', 'Alta_Escol', 'Urbano'});0.2469385328736179;0.42654460428803553;0.16201006618317282;0.6560744663777884;1.5381145600771844;1.0;0.05667976739512742;1.667382440821862;0.464574784176596;0.31675189834185646;0.40025756807952556;0.5179471096173993;5
frozenset({'Celular_Net', 'Alta_Renda', 'Urbano'});frozenset({'TV', 'Alta_Escol'});0.20421670035271272;0.49617564300717315;0.15582768596678953;0.763050650106734;1.537863981960321;1.0;0.054500333356479094;2.1262955868829136;0.4395008470695043;0.2861509351575577;0.5296985018597671;0.5385540790469773;5
frozenset({'TV_Assinatura'});frozenset({'TV', 'Celular_Net', 'Urbano', 'Internet'});0.13161336345262156;0.5365592676257283;0.10850869892600959;0.8244504667268895;1.536550603952995;1.0;0.037890329022112174;2.6399428339879183;0.40211538430766686;0.19388188641835433;0.6212039188403969;0.5133405299141501;5
frozenset({'Alta_Renda'});frozenset({'Celular_Net', 'Urbano', 'Alta_Escol', 'Internet'});0.2678635120675306;0.39448341457615027;0.1621685887528237;0.6054150022192633;1.5347033103273728;1.0;0.056500875872064385;1.5345656546230975;0.4758788367705172;0.32422153553601146;0.34834981026236467;0.5082530104526093;5
frozenset({'Alta_Renda', 'Urbano'});frozenset({'Celular_Net', 'Alta_Escol'});0.23152221297507233;0.45713946023065033;0.16240637260729995;0.701472098596371;1.5344816180218666;1.0;0.056568433136469726;1.8184582989292088;0.45325203697085775;0.30860757587167703;0.45008362271004754;0.5283693392851816;4
frozenset({'Celular_Net', 'Alta_Renda'});frozenset({'Alta_Escol', 'Internet'});0.2341378353743114;0.49680973328577654;0.17845678278444893;0.762186865267434;1.5341625056870742;1.0;0.06213482724002822;2.1159061179698444;0.4546230183183901;0.32300408865935015;0.5273892392922077;0.5606961767307176;4
frozenset({'Alta_Renda', 'Urbano'});frozenset({'TV', 'Alta_Escol', 'Internet'});0.23152221297507233;0.45690167637617407;0.16201006618317282;0.6997603560424511;1.5315337899227313;1.0;0.05622717895654067;1.808882785980838;0.45161980243623817;0.30776180079801246;0.447172582021247;0.5271722241657307;5
frozenset({'Alta_Renda'});frozenset({'Celular_Net', 'Urbano', 'Alta_Escol'});0.2678635120675306;0.3959497483454207;0.16240637260729995;0.6063027075011096;1.531261757419227;1.0;0.05634588241324065;1.5343012592759495;0.4738785671794524;0.3239013594688586;0.3482375159674254;0.5082359298690614;4
frozenset({'TV_Assinatura'});frozenset({'TV', 'Urbano', 'Celular_Net'});0.13161336345262156;0.5390559980977292;0.10858796021083501;0.8250526949713941;1.5305509963397432;1.0;0.0376409872118829;2.63475908832606;0.39917763289388464;0.19318902911936828;0.6204586580872828;0.5132468297677144;4
frozenset({'Alta_Renda'});frozenset({'TV', 'Alta_Escol', 'Urbano', 'Internet'});0.2678635120675306;0.3960686402726588;0.16201006618317282;0.6048231986980322;1.527066617245092;1.0;0.05591772917992703;1.528256106475889;0.4714281106339326;0.32277931306750884;0.34565941155898994;0.506934312977193;5
frozenset({'Alta_Renda', 'Urbano', 'Internet'});frozenset({'TV', 'Alta_Escol'});0.21523401894344707;0.49617564300717315;0.16201006618317282;0.7527158902596207;1.5170351484761189;1.0;0.055216188436889885;2.03743118602237;0.43429442676232466;0.29488566688307;0.5091858773634083;0.5396167310723023;5
frozenset({'Alta_Renda'});frozenset({'TV', 'Celular_Net', 'Alta_Escol', 'Internet'});0.2678635120675306;0.4234930448222566;0.1710854832956842;0.6387039502885041;1.5081804957542415;1.0;0.057647148973422394;1.5956635995275867;0.460227558698087;0.32883912248628877;0.37330149017871894;0.5213452373564924;5
frozenset({'TV', 'Alta_Escol', 'Alta_Renda', 'Internet'});frozenset({'Celular_Net', 'Urbano'});0.17798121507549639;0.5806681726310784;0.15566916339713865;0.8746381652193275;1.5062615904299268;1.0;0.05232113647659123;3.3449720012678967;0.4088771446935788;0.2581662832730857;0.7010438354578291;0.5713622166527977;6
frozenset({'TV', 'Alta_Renda'});frozenset({'Alta_Escol', 'Urbano', 'Internet'});0.25058455197558754;0.42923948797210004;0.16201006618317282;0.6465285465759923;1.5062187070216984;1.0;0.05444928139945353;1.6147287326856425;0.4484639232495877;0.31287310577070254;0.3807009315200676;0.5119818432261367;5
frozenset({'Alta_Renda'});frozenset({'TV', 'Alta_Escol', 'Celular_Net'});0.2678635120675306;0.42491974794911425;0.17128363650774778;0.6394437046900429;1.5048575825819672;1.0;0.05746314047524814;1.5949804774772;0.45822779711616907;0.3284444106695038;0.3730330783849391;0.5212700709609512;4
frozenset({'TV', 'Alta_Renda'});frozenset({'Celular_Net', 'Alta_Escol', 'Internet'});0.25058455197558754;0.4552371893948401;0.1710854832956842;0.6827455321840897;1.4997578143641626;1.0;0.05701007614855251;1.7171162768975199;0.4446474632590864;0.31994367449788774;0.41762825648196833;0.5292808360842098;5
frozenset({'TV', 'Alta_Renda', 'Urbano'});frozenset({'Alta_Escol', 'Internet'});0.2179685332699243;0.49680973328577654;0.16201006618317282;0.7432727272727272;1.4960913151940591;1.0;0.053721177304649814;1.9600187442834476;0.42401311917226076;0.29308861485517634;0.48980079761146145;0.5346867784417242;5
frozenset({'TV', 'Alta_Renda'});frozenset({'Alta_Escol', 'Celular_Net'});0.25058455197558754;0.45713946023065033;0.17128363650774778;0.6835362960619957;1.4952467584336662;1.0;0.05673154967548834;1.7153958985315323;0.4419632218763909;0.3192966903073286;0.41704419320574815;0.5291110175585227;4
frozenset({'Alta_Escol', 'Alta_Renda', 'Internet'});frozenset({'Celular_Net', 'Urbano'});0.18677921769111877;0.5806681726310784;0.1621685887528237;0.8682367918523234;1.4952374398587;1.0;0.05371184173065936;3.1824652212394975;0.40728164497264663;0.2679237870752308;0.6857781843691216;0.5737580355658013;5
frozenset({'TV', 'Celular_Net', 'Alta_Renda', 'Internet'});frozenset({'Alta_Escol', 'Urbano'});0.22312051678357706;0.4687116078151627;0.15566916339713865;0.6976909413854351;1.4885292571217286;1.0;0.05108998723895826;1.7574345757935563;0.42245412060770854;0.29033927119521025;0.4309887754720785;0.5149061792409546;6
frozenset({'TV', 'Celular_Net', 'Alta_Renda'});frozenset({'Alta_Escol', 'Urbano'});0.22335830063805334;0.4687116078151627;0.15582768596678953;0.6976579134137687;1.4884587916774858;1.0;0.051137057755865065;1.7572425929306006;0.42254251239796237;0.29059197398566255;0.4309266096650475;0.5150587698463112;5
frozenset({'Alta_Escol', 'Alta_Renda'});frozenset({'TV', 'Celular_Net', 'Urbano', 'Internet'});0.1956564815915666;0.5365592676257283;0.15566916339713865;0.7956248734049017;1.4828275670748123;1.0;0.0506878649281409;2.267598509149434;0.40481802369734426;0.2700027495188342;0.5590048256050868;0.5428748489928711;6
frozenset({'Celular_Net', 'Alta_Renda', 'Internet'});frozenset({'Alta_Escol', 'Urbano'});0.23366226766535886;0.4687116078151627;0.1621685887528237;0.6940298507462687;1.4807182906806964;1.0;0.05264837158965645;1.7364059647016632;0.42364101135435384;0.3001980779106449;0.42409780873344755;0.5200089221601472;5
frozenset({'Celular_Net', 'Alta_Renda'});frozenset({'Alta_Escol', 'Urbano'});0.2341378353743114;0.4687116078151627;0.16240637260729995;0.6936357481381178;1.4798774695839287;1.0;0.05266325133864458;1.73417227681106;0.42340305465639055;0.30050597638776855;0.42335602213703766;0.5200655277428561;4
frozenset({'TV', 'TV_Assinatura', 'Internet'});frozenset({'Celular_Net', 'Urbano'});0.12630285736931796;0.5806681726310784;0.10850869892600959;0.8591151553184814;1.4795285772693993;1.0;0.035168649539284;2.976415442816823;0.3709626799983327;0.1813124958612012;0.6640253959126018;0.5229919210935841;5
frozenset({'Alta_Escol', 'Alta_Renda'});frozenset({'TV', 'Celular_Net', 'Urbano'});0.1956564815915666;0.5390559980977292;0.15582768596678953;0.7964350820336237;1.4774626102745496;1.0;0.05035788599815762;2.2643587436731454;0.4017735129443343;0.2691860067091121;0.5583738650979646;0.542755109021517;5
frozenset({'TV_Assinatura', 'Internet'});frozenset({'Celular_Net', 'Urbano'});0.12828438948995363;0.5806681726310784;0.10997503269527999;0.8572752548656163;1.4763599853961298;1.0;0.0354843706730551;2.938045725526405;0.3701418439716312;0.18360460500198492;0.659637700219648;0.5233345971297778;4
frozenset({'Celular_Net', 'Alta_Renda', 'Internet'});frozenset({'TV', 'Alta_Escol'});0.23366226766535886;0.49617564300717315;0.1710854832956842;0.73219131614654;1.475669607054764;1.0;0.05514795739031057;1.8812846161049441;0.4206259484778886;0.3061919285055677;0.4684483190691137;0.5384998114279026;5
frozenset({'Alta_Renda'});frozenset({'Alta_Escol', 'Urbano', 'Internet'});0.2678635120675306;0.42923948797210004;0.16965878016882655;0.6333777185974256;1.4755811996462784;1.0;0.054681183402551264;1.5568080309913543;0.44021974025276456;0.3216620332106094;0.35766004536653523;0.5143160405377489;4
frozenset({'TV', 'Alta_Renda', 'Internet'});frozenset({'Alta_Escol', 'Urbano'});0.23429635794396228;0.4687116078151627;0.16201006618317282;0.6914749661705006;1.475267423808256;1.0;0.05219264354602139;1.7220268501078715;0.42073300488978504;0.2994652406417112;0.41928896176191577;0.5185623752810734;5
frozenset({'Alta_Renda', 'Urbano'});frozenset({'Alta_Escol', 'Internet'});0.23152221297507233;0.49680973328577654;0.16965878016882655;0.7327969873331052;1.4750052952597514;1.0;0.0546362912909481;1.8831758732507968;0.41905743749062724;0.30368163439029583;0.4689821517977667;0.5371467387207964;4
frozenset({'Celular_Net', 'Alta_Renda'});frozenset({'TV', 'Alta_Escol'});0.2341378353743114;0.49617564300717315;0.17128363650774778;0.7315504400812457;1.4743779756046385;1.0;0.05511014548859117;1.8767933802734051;0.4201119816002007;0.30639444208138383;0.46717629627704493;0.5383790539064375;4
frozenset({'Alta_Renda'});frozenset({'TV', 'Urbano', 'Alta_Escol'});0.2678635120675306;0.42654460428803553;0.16787540126025444;0.6267199289835774;1.4692951749551806;1.0;0.05361966550220616;1.5362604120559522;0.43625958816325894;0.31883185307842843;0.3490686916408161;0.5101452474054745;4
frozenset({'Celular_Net', 'Alta_Renda', 'Alta_Escol'});frozenset({'TV', 'Urbano', 'Internet'});0.17885308920857607;0.5931914556334958;0.15566916339713865;0.8703744737425215;1.4672741245286642;1.0;0.04957503906495593;3.1383366850017644;0.38782840157585563;0.2525557770205105;0.6813598729610371;0.5664004918151411;6
frozenset({'Alta_Renda', 'Internet'});frozenset({'TV', 'Celular_Net', 'Urbano'});0.2469385328736179;0.5390559980977292;0.19522054452502674;0.7905633124699084;1.4665699208611378;1.0;0.06210684721804974;2.2008751539103817;0.4224579988438936;0.33044878245119735;0.5456352904783078;0.5763579685419679;5
frozenset({'Alta_Renda', 'Internet'});frozenset({'Alta_Escol', 'Urbano'});0.2469385328736179;0.4687116078151627;0.16965878016882655;0.687048627828599;1.4658237952142588;1.0;0.0539158233941157;1.697670754719857;0.4219971091450781;0.3107352834434202;0.41095763285089054;0.5245085026350232;4
frozenset({'Alta_Renda'});frozenset({'Celular_Net', 'Alta_Escol', 'Internet'});0.2678635120675306;0.4552371893948401;0.17845678278444893;0.6662228140257435;1.4634630683652463;1.0;0.056515350409395454;1.632115175922108;0.4325549774222186;0.32765771665575205;0.3872981424641048;0.5291155856495915;4
frozenset({'Celular_Net', 'TV_Assinatura'});frozenset({'TV', 'Urbano', 'Internet'});0.12507430745452383;0.5931914556334958;0.10850869892600959;0.867553865652725;1.4625191536621598;1.0;0.034315688424709195;3.071501832585376;0.3614572914051765;0.17795398414142724;0.6744263703862844;0.5252387179679979;5
frozenset({'Alta_Renda', 'Urbano'});frozenset({'TV', 'Alta_Escol'});0.23152221297507233;0.49617564300717315;0.16787540126025444;0.7250941458404656;1.461365861181507;1.0;0.05299971836690423;1.8327159984757753;0.4108234065344509;0.2998725753928926;0.4543617228028371;0.5317164019937153;4
frozenset({'Alta_Renda'});frozenset({'Celular_Net', 'Alta_Escol'});0.2678635120675306;0.45713946023065033;0.17885308920857607;0.6677023228288208;1.460609684606817;1.0;0.05640210788653882;1.6336573411847881;0.4307317023672437;0.32747986358029163;0.3878765302919868;0.5294731813537256;3
frozenset({'TV', 'Alta_Escol', 'Alta_Renda'});frozenset({'Celular_Net', 'Urbano', 'Internet'});0.1848373162128958;0.5774580905956486;0.15566916339713865;0.8421955403087478;1.458453096466312;1.0;0.04893335970601573;2.6776297085080083;0.3856187593316381;0.25661462076174296;0.6265353656547207;0.5558860482409842;6
frozenset({'Alta_Renda'});frozenset({'TV', 'Alta_Escol', 'Internet'});0.2678635120675306;0.45690167637617407;0.17798121507549639;0.6644474034620507;1.4542459303979465;1.0;0.05559392737183211;1.6185192104821164;0.42663957339817665;0.32550554468362686;0.382151293896521;0.5269934128941791;4
frozenset({'Alta_Renda', 'Internet'});frozenset({'TV', 'Alta_Escol'});0.2469385328736179;0.49617564300717315;0.17798121507549639;0.7207510832932114;1.4526127863208946;1.0;0.05545632974368106;1.8042123956450025;0.413758120036164;0.3149368863955119;0.44574153108924736;0.5397285767903757;4
frozenset({'TV', 'Celular_Net', 'Alta_Renda', 'Urbano'});frozenset({'Alta_Escol'});0.1954186977370903;0.5489636587009076;0.15582768596678953;0.7974041776515921;1.4525627789981679;1.0;0.048549922678469665;2.2262864854312574;0.38723444853515576;0.264763315601643;0.5508215108235325;0.5406310521523915;5
frozenset({'Celular_Net', 'Urbano', 'Internet', 'TV', 'Alta_Renda'});frozenset({'Alta_Escol'});0.19522054452502674;0.5489636587009076;0.15566916339713865;0.7974015428339424;1.4525579793769035;1.0;0.048500179021096546;2.2262575323039373;0.3871362768870545;0.2645117845117845;0.550815669126515;0.540485351261037;6
frozenset({'TV', 'Alta_Escol', 'Alta_Renda'});frozenset({'Celular_Net', 'Urbano'});0.1848373162128958;0.5806681726310784;0.15582768596678953;0.8430531732418525;1.451867371035467;1.0;0.04849853932741452;2.671808255257719;0.3818033607152206;0.25559022360894434;0.6257216444959515;0.5557062208005604;5
frozenset({'TV', 'TV_Assinatura'});frozenset({'Celular_Net', 'Urbano', 'Internet'});0.12943367811992232;0.5774580905956486;0.10850869892600959;0.8383343539497857;1.4517665742375228;1.0;0.03376617430010748;2.613677795671614;0.3574501136790517;0.18133651235181136;0.617397369463041;0.5131209207124537;5
frozenset({'TV_Assinatura', 'Urbano', 'Internet'});frozenset({'TV', 'Celular_Net'});0.11263028573693179;0.6643680894067293;0.10850869892600959;0.9634060520760028;1.450108858985551;1.0;0.033680731181630216;9.171787402943036;0.3497939975687429;0.16231918425420913;0.8909699978785901;0.5633661136066008;5
frozenset({'Celular_Net', 'Alta_Renda', 'Urbano', 'Internet'});frozenset({'Alta_Escol'});0.203899655213411;0.5489636587009076;0.1621685887528237;0.7953352769679302;1.448794040119245;1.0;0.05023508801901601;2.2037815536408663;0.38911020249903366;0.2745387453874539;0.5462345175056481;0.5453719411117445;5
frozenset({'Celular_Net', 'Alta_Renda', 'Urbano'});frozenset({'Alta_Escol'});0.20421670035271272;0.5489636587009076;0.16240637260729995;0.7952648942363671;1.4486658299354787;1.0;0.05029882561384785;2.2030239494921546;0.38918846332580836;0.27490440732541754;0.5460784708080355;0.5455533249697573;4
frozenset({'TV_Assinatura'});frozenset({'Celular_Net', 'Urbano', 'Internet'});0.13161336345262156;0.5774580905956486;0.10997503269527999;0.8355916892502259;1.447017026618005;1.0;0.033973831139058025;2.570076339069325;0.35574376128592994;0.18356816828735859;0.6109064992356921;0.5130192335483166;4
frozenset({'TV_Assinatura', 'Internet'});frozenset({'TV', 'Celular_Net'});0.12828438948995363;0.6643680894067293;0.12317203661871359;0.9601482854494903;1.445205302239739;1.0;0.0379439818725644;8.42201933791021;0.353391385306279;0.18398153081157875;0.8812636305050169;0.5727727826674796;4
frozenset({'TV', 'TV_Assinatura'});frozenset({'Celular_Net', 'Urbano'});0.12943367811992232;0.5806681726310784;0.10858796021083501;0.838946723821188;1.44479543285422;1.0;0.03342994286002053;2.603683931914254;0.3536324393690735;0.1805244432731585;0.6159288046668591;0.5129759554131874;4
frozenset({'TV', 'Alta_Renda', 'Urbano', 'Internet'});frozenset({'Alta_Escol'});0.20485079063131614;0.5489636587009076;0.16201006618317282;0.7908686399690461;1.440657550703071;1.0;0.0495544266704319;2.156713088043485;0.3846731067238455;0.2737561106274693;0.5363314640487602;0.5429942391297728;5
frozenset({'TV_Assinatura', 'Internet'});frozenset({'Alta_Escol'});0.12828438948995363;0.5489636587009076;0.10141481393413387;0.7905468025949954;1.440071287170049;1.0;0.03099134612551667;2.15339916929965;0.3505615003644486;0.17611837577426015;0.5356179131780616;0.4876427342458084;3
frozenset({'TV_Assinatura'});frozenset({'Celular_Net', 'Urbano'});0.13161336345262156;0.5806681726310784;0.11005429398010541;0.8361939174947305;1.4400546765045408;1.0;0.033630602730241696;2.5599283064194642;0.3518961596212985;0.18274545933140296;0.6093640601214001;0.512862178512585;3
frozenset({'Alta_Renda', 'Urbano', 'Internet'});frozenset({'Alta_Escol'});0.21523401894344707;0.5489636587009076;0.16965878016882655;0.7882526238261831;1.435892178530615;1.0;0.051503125652731394;2.1300681474742365;0.38682726570718884;0.285361951739768;0.530531452157638;0.5486527340903945;4
frozenset({'Alta_Escol', 'Alta_Renda'});frozenset({'Celular_Net', 'Urbano', 'Internet'});0.1956564815915666;0.5774580905956486;0.1621685887528237;0.8288434271824996;1.4353308762676558;1.0;0.049185170480294985;2.468744860034656;0.3770733828487939;0.2654385054488843;0.594935865512663;0.5548376081763846;5
frozenset({'TV', 'Alta_Renda', 'Internet'});frozenset({'Celular_Net', 'Urbano'});0.23429635794396228;0.5806681726310784;0.19522054452502674;0.8332205683355886;1.434934111439524;1.0;0.05917210650358912;2.51428982089763;0.3958501352336929;0.31500191840388786;0.6022733768842176;0.5847102022677124;5
frozenset({'TV', 'Alta_Renda'});frozenset({'Alta_Escol', 'Internet'});0.25058455197558754;0.49680973328577654;0.17798121507549639;0.7102641151352206;1.429650160913132;1.0;0.05348837064296892;1.736720554822071;0.40101679356126907;0.3125695991091314;0.42420212784177536;0.5342561800947322;4
frozenset({'Alta_Escol', 'Alta_Renda'});frozenset({'Celular_Net', 'Urbano'});0.1956564815915666;0.5806681726310784;0.16240637260729995;0.8300587401255823;1.4294889564283932;1.0;0.048794880978098754;2.467510407294834;0.37353356271544236;0.2645407010522238;0.594733218938552;0.554873759907181;4
frozenset({'TV', 'Alta_Renda'});frozenset({'Alta_Escol', 'Urbano'});0.25058455197558754;0.4687116078151627;0.16787540126025444;0.6699351573620117;1.4293120677868978;1.0;0.05042351301013459;1.6096485403855898;0.40079601501870843;0.30444156964208713;0.3787463692164435;0.5140493407508461;4
frozenset({'TV_Assinatura', 'Urbano'});frozenset({'TV', 'Celular_Net', 'Internet'});0.1149684936392819;0.6610391154440614;0.10850869892600959;0.9438124784557049;1.4277709993329017;1.0;0.0325100275867625;6.032671939244037;0.33852757516655163;0.16256011399394407;0.8342359720417166;0.5539805797554304;5
frozenset({'TV', 'TV_Assinatura'});frozenset({'Alta_Escol'});0.12943367811992232;0.5489636587009076;0.10141481393413387;0.7835272504592774;1.4272843712704986;1.0;0.03036042843430571;2.0835709910648315;0.34387819250635165;0.17576756645373995;0.520054750095681;0.48413295817794944;3
frozenset({'TV_Assinatura'});frozenset({'Alta_Escol'});0.13161336345262156;0.5489636587009076;0.10311893155788056;0.7834989461005721;1.4272328116485515;1.0;0.03086797802299711;2.08329859451222;0.3447121937544041;0.17857387962391053;0.5199919960421524;0.48567092843578996;2
frozenset({'Alta_Renda', 'Internet'});frozenset({'Celular_Net', 'Urbano'});0.2469385328736179;0.5806681726310784;0.203899655213411;0.8257101588830043;1.4220000299682531;1.0;0.06051030857748782;2.40594531890953;0.3940782357419488;0.326915745329775;0.5843629561567759;0.5884283800148027;4
frozenset({'TV_Assinatura'});frozenset({'TV', 'Urbano', 'Internet'});0.13161336345262156;0.5931914556334958;0.11100542939801054;0.8434206564287866;1.4218354772626651;1.0;0.03293350675072962;2.598098415079156;0.3416493698659491;0.18084969008264462;0.6151031099530027;0.5152766029337947;4
frozenset({'TV_Assinatura', 'Urbano'});frozenset({'TV', 'Celular_Net'});0.1149684936392819;0.6643680894067293;0.10858796021083501;0.9445018958979662;1.4216545179666773;1.0;0.03220656174973559;6.047628401435265;0.3351227854108731;0.161890694239291;0.8346459250434975;0.5539736871520372;4
frozenset({'TV_Assinatura'});frozenset({'Internet', 'TV', 'Celular_Net'});0.13161336345262156;0.6610391154440614;0.12317203661871359;0.935862691960253;1.4157448025319581;1.0;0.036170455261374884;5.284925340893299;0.3381650505144481;0.18398153081157875;0.8107825682489258;0.5610968136060257;4
frozenset({'TV_Assinatura'});frozenset({'TV', 'Celular_Net'});0.13161336345262156;0.6643680894067293;0.12329092854595174;0.93676603432701;1.410010578869807;1.0;0.0358512097285401;5.307778928953586;0.33485713697254177;0.1832803110639802;0.811597277621141;0.5611711345579216;3
frozenset({'Alta_Renda'});frozenset({'Alta_Escol', 'Urbano'});0.2678635120675306;0.4687116078151627;0.17683192644552767;0.6601568279331261;1.4084499229928613;1.0;0.051281189029339175;1.5633340194938243;0.39610046891588874;0.31591617105635794;0.360341432137593;0.5187145854386185;3
frozenset({'TV', 'Celular_Net', 'Alta_Renda', 'Alta_Escol'});frozenset({'Urbano', 'Internet'});0.17128363650774778;0.6462568858241192;0.15566916339713865;0.9088385006941231;1.4063115157916728;1.0;0.044975933875011156;3.880400353980093;0.3486355615755299;0.2351954972756122;0.7422946323117643;0.5748583255908218;6
frozenset({'Celular_Net', 'Alta_Renda'});frozenset({'TV', 'Urbano', 'Internet'});0.2341378353743114;0.5931914556334958;0.19522054452502674;0.8337846987136087;1.4055912147675367;1.0;0.056331981140463144;2.4474795113210868;0.3767722342414172;0.30884012539184946;0.5914163957759853;0.5814433915802143;5
frozenset({'Alta_Renda'});frozenset({'Alta_Escol', 'Internet'});0.2678635120675306;0.49680973328577654;0.18677921769111877;0.6972924988903684;1.403540333798713;1.0;0.05370201770385749;1.6622986376937614;0.392708227166268;0.32320669318337675;0.3984233775301777;0.536624871015063;3
frozenset({'Celular_Net', 'Alta_Renda', 'Alta_Escol'});frozenset({'Urbano', 'Internet'});0.17885308920857607;0.6462568858241192;0.1621685887528237;0.906713937513849;1.403024025589437;1.0;0.046583548300865946;3.7920253545742324;0.3498202656468786;0.24461979913916787;0.7362886830928693;0.578824559362186;5
frozenset({'TV', 'Alta_Renda', 'Urbano'});frozenset({'Alta_Escol'});0.2179685332699243;0.5489636587009076;0.16787540126025444;0.7701818181818183;1.4029741422308561;1.0;0.0482185977547263;1.9625790167286468;0.3672850782689222;0.28023286583752316;0.49046637537842197;0.5379930170897541;4
frozenset({'TV', 'Alta_Renda', 'Celular_Net'});frozenset({'Alta_Escol'});0.22335830063805334;0.5489636587009076;0.17128363650774778;0.7668559261887863;1.3969156501242883;1.0;0.04866804658826475;1.9345820544609467;0.36585360209517453;0.2849795595410787;0.4830924862069804;0.5394343159676245;4
frozenset({'TV', 'Celular_Net', 'Alta_Renda', 'Internet'});frozenset({'Alta_Escol'});0.22312051678357706;0.5489636587009076;0.1710854832956842;0.766785079928952;1.3967865955708376;1.0;0.048600428070934495;1.9339943652047902;0.3656564860193156;0.2846686449060336;0.48293541181330674;0.5392184134845452;5
frozenset({'Alta_Escol', 'Alta_Renda'});frozenset({'TV', 'Urbano', 'Internet'});0.1956564815915666;0.5931914556334958;0.16201006618317282;0.8280332185537775;1.3958953904173883;1.0;0.04594831306374314;2.3656228310217084;0.35260300198934424;0.2584560915470696;0.5772783442540155;0.5505745996563649;5
frozenset({'Celular_Net', 'Alta_Renda'});frozenset({'Alta_Escol'});0.2341378353743114;0.5489636587009076;0.17885308920857607;0.7638794854434665;1.3914937233753242;1.0;0.0503199264611833;1.9101954870215327;0.36736090563727214;0.29599265429264765;0.4764933710741578;0.5448404068857529;3
frozenset({'Alta_Renda', 'Urbano'});frozenset({'Alta_Escol'});0.23152221297507233;0.5489636587009076;0.17683192644552767;0.7637795275590551;1.3913116386729452;1.0;0.04973464534020122;1.9093871781661578;0.36598815371356763;0.29293592436974786;0.47627175282467593;0.5429495385412948;3
frozenset({'Celular_Net', 'Alta_Renda', 'Internet'});frozenset({'Alta_Escol'});0.23366226766535886;0.5489636587009076;0.17845678278444893;0.7637381275440976;1.3912362238175149;1.0;0.050184689426522766;1.9090525974870411;0.3669593619652942;0.2953755329616267;0.47617996417891356;0.5444087692297445;4
frozenset({'Alta_Renda'});frozenset({'TV', 'Alta_Escol'});0.2678635120675306;0.49617564300717315;0.1848373162128958;0.6900429057552893;1.390723054386838;1.0;0.051929965874629114;1.6254648348040655;0.38373934643858093;0.31912418747861787;0.3847913663905619;0.5312834337083155;3
frozenset({'TV', 'Alta_Escol', 'Internet'});frozenset({'Celular_Net', 'Urbano'});0.45690167637617407;0.5806681726310784;0.3678516228748068;0.8051001821493625;1.3865064766704112;1.0;0.10254336138137748;2.1515249834162433;0.5132824448653233;0.5492632700159773;0.5352133915674193;0.7192986578232481;5
frozenset({'Celular_Net', 'Urbano'});frozenset({'TV', 'Alta_Escol', 'Internet'});0.5806681726310784;0.45690167637617407;0.3678516228748068;0.6334971334971335;1.3865064766704112;1.0;0.10254336138137748;1.4818392249043386;0.6647786243676771;0.5492632700159773;0.3251629574965828;0.7192986578232481;5
frozenset({'TV', 'Alta_Renda', 'Internet'});frozenset({'Alta_Escol'});0.23429635794396228;0.5489636587009076;0.17798121507549639;0.7596414073071719;1.3837735800304554;1.0;0.04936102919828139;1.8765143207320443;0.3622007340711245;0.2940483205657042;0.46709705918477007;0.5419272586636927;4
frozenset({'Alta_Escol', 'Radio', 'Internet'});frozenset({'TV', 'Celular_Net', 'Urbano'});0.14619743986050013;0.5390559980977292;0.10898426663496215;0.7454594741122256;1.3828980231049688;1.0;0.03017565977162752;1.8108864994861313;0.3242914627147825;0.1891204181280517;0.44778427566621853;0.47381781233915937;6
frozenset({'Alta_Escol', 'Alta_Renda', 'Urbano', 'Internet'});frozenset({'TV', 'Celular_Net'});0.16965878016882655;0.6643680894067293;0.15566916339713865;0.9175426302265824;1.381075709168895;1.0;0.04295328376529907;4.070368864730282;0.33230523419255636;0.22947946485949638;0.7543220201331154;0.5759271251824871;6
frozenset({'Alta_Escol', 'Alta_Renda', 'Internet'});frozenset({'TV', 'Celular_Net'});0.18677921769111877;0.6643680894067293;0.1710854832956842;0.9159770846594525;1.3787192661185852;1.0;0.04699533129735206;3.9945282692577857;0.3377793423795764;0.2515734265734265;0.7496575483778445;0.5867465953003776;5
frozenset({'Alta_Renda', 'Internet'});frozenset({'Alta_Escol'});0.2469385328736179;0.5489636587009076;0.18677921769111877;0.7563793933558016;1.3778314490721153;1.0;0.051218937210583154;1.8513883021308595;0.364142680280698;0.30663630448926477;0.45986479505728334;0.5483095349684004;3
frozenset({'Alta_Escol', 'Internet'});frozenset({'TV', 'Celular_Net', 'Urbano'});0.49680973328577654;0.5390559980977292;0.3678516228748068;0.7404275686024251;1.3735633611634313;1.0;0.10004335623377592;1.775781809418214;0.5404846255209241;0.5506644518272424;0.4368677532924935;0.711413607856572;5
frozenset({'TV', 'Celular_Net', 'Urbano'});frozenset({'Alta_Escol', 'Internet'});0.5390559980977292;0.49680973328577654;0.3678516228748068;0.682399647110719;1.3735633611634313;1.0;0.10004335623377592;1.5843504647793671;0.5900209173965414;0.5506644518272424;0.3688265177242477;0.711413607856572;5
frozenset({'Alta_Escol', 'Internet'});frozenset({'Celular_Net', 'Urbano'});0.49680973328577654;0.5806681726310784;0.39448341457615027;0.794033184428845;1.367447402586203;1.0;0.10600181460376495;2.035919360145934;0.5340136020512027;0.5775792038992689;0.5088214103291792;0.7366971818950121;4
frozenset({'Celular_Net', 'Urbano'});frozenset({'Alta_Escol', 'Internet'});0.5806681726310784;0.49680973328577654;0.39448341457615027;0.6793611793611793;1.367447402586203;1.0;0.10600181460376495;1.5693366938903366;0.6408062286404047;0.5775792038992689;0.3627881104844167;0.7366971818950121;4
frozenset({'Alta_Renda', 'Urbano', 'Internet'});frozenset({'TV', 'Celular_Net'});0.21523401894344707;0.6643680894067293;0.19522054452502674;0.9070152826367152;1.3652300540904458;1.0;0.052225930584237024;3.609538428578323;0.34089489601131584;0.28525102785337886;0.7229562671829299;0.6004296169804907;5
frozenset({'Radio', 'Celular_Net', 'Alta_Escol'});frozenset({'TV', 'Urbano', 'Internet'});0.13486307613046408;0.5931914556334958;0.10898426663496215;0.8081104907434615;1.3623097282823198;1.0;0.02898464219392119;2.1200145122193153;0.3074109190854952;0.17604506753728955;0.5283051157262313;0.49591788567103595;6
frozenset({'TV', 'Celular_Net', 'TV_Assinatura'});frozenset({'Urbano', 'Internet'});0.12329092854595174;0.6462568858241192;0.10850869892600959;0.8801028608164577;1.3618467827915421;1.0;0.028831087393538818;2.9503882793596916;0.3030686163039427;0.16414868105515587;0.661061560271306;0.524003107602072;5
frozenset({'TV', 'TV_Assinatura', 'Urbano', 'Internet'});frozenset({'Celular_Net'});0.11100542939801054;0.7182657630880197;0.10850869892600959;0.9775080328454123;1.360928061840007;1.0;0.028777299472534254;12.525993612546916;0.2983227485205836;0.1505470940781877;0.9201660138962285;0.5642892183648822;5
frozenset({'TV_Assinatura', 'Celular_Net'});frozenset({'Urbano', 'Internet'});0.12507430745452383;0.6462568858241192;0.10997503269527999;0.879277566539924;1.3605697452935488;1.0;0.029144900263110993;2.9302185520710755;0.302898626306698;0.16628715244487055;0.6587285275041341;0.5247249425880463;4
frozenset({'Alta_Renda', 'Internet'});frozenset({'TV', 'Celular_Net'});0.2469385328736179;0.6643680894067293;0.22312051678357706;0.9035467822179425;1.3600093030127263;1.0;0.05906243549743073;3.4797378284636746;0.3515130220003017;0.32421537575583065;0.712622028067699;0.6196927420991883;4
frozenset({'TV_Assinatura', 'Urbano', 'Internet'});frozenset({'Celular_Net'});0.11263028573693179;0.7182657630880197;0.10997503269527999;0.9764250527797326;1.3594202911493594;1.0;0.029076554563620974;11.95057763140071;0.29795058423167925;0.1525479632785443;0.9163220364032905;0.5647684743042339;4
frozenset({'Alta_Renda'});frozenset({'TV', 'Celular_Net', 'Urbano', 'Internet'});0.2678635120675306;0.5365592676257283;0.19522054452502674;0.7288060363959165;1.35829549570708;1.0;0.0514958946664171;1.7088902946632305;0.36029234621076567;0.3204527712724434;0.41482492871371296;0.5463219191507612;5
frozenset({'TV_Assinatura', 'TV', 'Internet'});frozenset({'Celular_Net'});0.12630285736931796;0.7182657630880197;0.12317203661871359;0.975211797929087;1.3577311463884711;1.0;0.03245301839014311;11.36565839289219;0.3015657795663238;0.17074108663407128;0.9120156558087849;0.5733485606286353;4
frozenset({'Celular_Net', 'Alta_Escol'});frozenset({'TV', 'Urbano', 'Internet'});0.45713946023065033;0.5931914556334958;0.3678516228748068;0.8046814044213265;1.356528987023205;1.0;0.09668040103307679;2.082794744459666;0.484147275945993;0.5389930898321817;0.5198758770349081;0.7124021666681726;5
frozenset({'TV', 'Urbano', 'Internet'});frozenset({'Celular_Net', 'Alta_Escol'});0.5931914556334958;0.45713946023065033;0.3678516228748068;0.6201229289150187;1.356528987023205;1.0;0.09668040103307679;1.4290426590340533;0.6460642363281258;0.5389930898321817;0.30023082678585694;0.7124021666681726;5
frozenset({'TV', 'Alta_Escol', 'Alta_Renda'});frozenset({'Urbano', 'Internet'});0.1848373162128958;0.6462568858241192;0.16201006618317282;0.8765008576329331;1.3562731428620716;1.0;0.04255767782333879;2.8643366050630337;0.32224904024533324;0.2421370609488835;0.650879020911024;0.5635953727055939;5
frozenset({'TV_Assinatura', 'Internet'});frozenset({'Celular_Net'});0.12828438948995363;0.7182657630880197;0.1249554155272857;0.974050046339203;1.3561137066473796;1.0;0.03281313061800342;10.856830058143828;0.30124355280235193;0.17316564147627417;0.9078920831730355;0.5740091326377101;3
frozenset({'Alta_Renda'});frozenset({'TV', 'Urbano', 'Celular_Net'});0.2678635120675306;0.5390559980977292;0.1954186977370903;0.7295457907974552;1.3533766313183493;1.0;0.05102526488556447;1.7043328823071378;0.3566375777874979;0.31957226182760856;0.413260161567551;0.5460330042062559;4
frozenset({'TV', 'Celular_Net', 'Alta_Renda'});frozenset({'Urbano', 'Internet'});0.22335830063805334;0.6462568858241192;0.19522054452502674;0.8740241305890702;1.352440724054333;1.0;0.05087370473171102;2.808022804922907;0.33554219429751475;0.2894752306517012;0.6438775360916434;0.5880514962137723;5
frozenset({'TV', 'Alta_Escol', 'Radio', 'Internet'});frozenset({'Celular_Net', 'Urbano'});0.13898466294138628;0.5806681726310784;0.10898426663496215;0.784145993726832;1.3504201378452874;1.0;0.028280296381041015;1.9426640932401689;0.3013764153548742;0.17846712959958463;0.48524296944609696;0.4859168407072598;6
frozenset({'TV', 'Alta_Renda'});frozenset({'Celular_Net', 'Urbano', 'Internet'});0.25058455197558754;0.5774580905956486;0.19522054452502674;0.7790605725130475;1.3491205425998027;1.0;0.050518467608437895;1.912478520518048;0.34530431668439043;0.3084919839679358;0.4771183104691172;0.5585646696207404;5
frozenset({'Celular_Net', 'Alta_Renda'});frozenset({'Urbano', 'Internet'});0.2341378353743114;0.6462568858241192;0.203899655213411;0.8708530805687204;1.3475339291096167;1.0;0.0525864668708082;2.7390751226095715;0.33674944337372714;0.30140597539543057;0.6349132626025679;0.5931808789119434;4
frozenset({'Celular_Net', 'Urbano', 'TV_Assinatura'});frozenset({'TV', 'Internet'});0.11005429398010541;0.7336028217017397;0.10850869892600959;0.9859560676989557;1.3439916512477852;1.0;0.02777255832181147;18.968845234212033;0.2875992965254609;0.14760107816711593;0.9472819780195998;0.5669340599960934;5
frozenset({'TV', 'Alta_Renda'});frozenset({'Alta_Escol'});0.25058455197558754;0.5489636587009076;0.1848373162128958;0.7376245453107702;1.3436673514168829;1.0;0.04727550374644954;1.7190492983931047;0.3412902409445118;0.3006898330217265;0.41828311675833957;0.537163413284897;3
frozenset({'TV', 'Alta_Renda'});frozenset({'Celular_Net', 'Urbano'});0.25058455197558754;0.5806681726310784;0.1954186977370903;0.7798513363909536;1.3430240766552641;1.0;0.0499122238518484;1.9047666267627088;0.34081457910813845;0.30734230865120915;0.47500130149824515;0.55819621146602;4
frozenset({'Celular_Net', 'TV_Assinatura'});frozenset({'TV', 'Internet'});0.12507430745452383;0.7336028217017397;0.12317203661871359;0.9847908745247149;1.3424033351457043;1.0;0.031417171747683964;17.51561447311072;0.29153036327924226;0.16746591949997305;0.9429080834397696;0.5763455209963535;4
frozenset({'TV', 'TV_Assinatura', 'Urbano'});frozenset({'Celular_Net', 'Internet'});0.11322474537312249;0.7139460230650339;0.10850869892600959;0.9583479173958698;1.3423254509936156;1.0;0.027672342254317694;6.867699261371411;0.2875860386519733;0.15098709606264474;0.8543908284358523;0.5551661873962419;5
frozenset({'Alta_Escol', 'Alta_Renda'});frozenset({'Urbano', 'Internet'});0.1956564815915666;0.6462568858241192;0.16965878016882655;0.8671257848896091;1.341766415043816;1.0;0.04321443168415662;2.6622404797047623;0.3166729000376305;0.25237281141307555;0.6243765326147778;0.5648255403874058;4
frozenset({'TV_Assinatura', 'Urbano'});frozenset({'Celular_Net', 'Internet'});0.1149684936392819;0.7139460230650339;0.10997503269527999;0.9565667011375387;1.3398305617431872;1.0;0.027893733883737032;6.586052278478855;0.2865852418780951;0.15296841408963122;0.8481639747580375;0.5553025012765129;4
frozenset({'TV', 'Celular_Net', 'Alta_Escol'});frozenset({'Urbano', 'Internet'});0.42491974794911425;0.6462568858241192;0.3678516228748068;0.8656966983771686;1.3395550861685837;1.0;0.09324430984004256;2.633912270967915;0.44077931740435233;0.523017974868992;0.6203366334473553;0.7174500539779385;5
frozenset({'TV', 'Alta_Escol', 'Alta_Renda', 'Internet'});frozenset({'Celular_Net'});0.17798121507549639;0.7182657630880197;0.1710854832956842;0.9612558450233799;1.3383010779891273;1.0;0.04324767003414984;7.271657804435042;0.30751606704668855;0.23592742376215975;0.8624797773913272;0.5997241485103657;5
frozenset({'Urbano', 'Alta_Escol', 'Internet', 'TV', 'Alta_Renda'});frozenset({'Celular_Net'});0.16201006618317282;0.7182657630880197;0.15566916339713865;0.9608610567514677;1.3377514370453423;1.0;0.03930287958214146;7.198309753101097;0.3012887929768223;0.21483264056005247;0.8610784983837086;0.5887951278019091;6
frozenset({'Alta_Escol', 'Radio', 'Internet'});frozenset({'Celular_Net', 'Urbano'});0.14619743986050013;0.5806681726310784;0.11346252922759878;0.7760910815939279;1.3365483389202555;1.0;0.02857032898046019;1.8727785849442518;0.2949207489851894;0.1849722186328983;0.4660340479973143;0.4857455134969366;5
frozenset({'Celular_Net', 'Alta_Escol'});frozenset({'Urbano', 'Internet'});0.45713946023065033;0.6462568858241192;0.39448341457615027;0.8629388816644994;1.3352877169951747;1.0;0.09905389062017139;2.5809151309416736;0.4625455588919718;0.5564624329159212;0.6125405333901314;0.7366757939321454;4
frozenset({'Urbano', 'Internet'});frozenset({'Celular_Net', 'Alta_Escol'});0.6462568858241192;0.45713946023065033;0.39448341457615027;0.6104127061997915;1.3352877169951747;1.0;0.09905389062017139;1.393424653237649;0.7098307266079128;0.5564624329159212;0.2823436863439436;0.7366757939321454;4
frozenset({'TV', 'Urbano', 'TV_Assinatura'});frozenset({'Celular_Net'});0.11322474537312249;0.7182657630880197;0.10858796021083501;0.9590479523976199;1.3352271564140996;1.0;0.02726250207496246;6.879612947500234;0.283119948641532;0.15021106298996767;0.8546429853494362;0.5551143535989423;4
frozenset({'Alta_Escol', 'Urbano', 'Radio', 'Internet'});frozenset({'TV', 'Celular_Net'});0.1229342527642373;0.6643680894067293;0.10898426663496215;0.8865248226950354;1.3343880249978421;1.0;0.027310672003341877;2.9577562121031966;0.2857172292259726;0.16066838046272494;0.6619058744909467;0.5252834087228457;6
frozenset({'TV', 'TV_Assinatura'});frozenset({'Celular_Net', 'Internet'});0.12943367811992232;0.7139460230650339;0.12317203661871359;0.9516227801592162;1.3329057791705525;1.0;0.030763376874315365;5.912989168794937;0.28689304578137836;0.1710229461288725;0.8308807996339017;0.5620728388722809;4
frozenset({'TV_Assinatura', 'Urbano'});frozenset({'Celular_Net'});0.1149684936392819;0.7182657630880197;0.11005429398010541;0.9572561185798;1.3327324895235098;1.0;0.027476361165206464;6.591217913561718;0.2820937686302835;0.15218106093818498;0.8482829708994363;0.5552391826622239;3
frozenset({'Alta_Escol', 'Alta_Renda', 'Urbano'});frozenset({'TV', 'Celular_Net', 'Internet'});0.17683192644552767;0.6610391154440614;0.15566916339713865;0.8803227252353205;1.3317256190565254;1.0;0.03877634315731772;2.832291136495503;0.30260474982696084;0.22818635993958403;0.6469289519306491;0.5579071659749744;6
frozenset({'Alta_Escol', 'Alta_Renda', 'Urbano', 'Internet'});frozenset({'Celular_Net'});0.16965878016882655;0.7182657630880197;0.1621685887528237;0.9558514365802383;1.3307768317826723;1.0;0.040308495550278906;6.381504064657083;0.2993458585410696;0.22344782395019933;0.8432971302896544;0.590814705268711;5
frozenset({'Alta_Renda'});frozenset({'Alta_Escol'});0.2678635120675306;0.5489636587009076;0.1956564815915666;0.7304334960793016;1.3305680339711967;1.0;0.04860914797450028;1.6731913451375222;0.33933739196368545;0.3149802220237335;0.4023397246787644;0.5434220613518079;2
frozenset({'Alta_Escol', 'Alta_Renda', 'Internet'});frozenset({'Celular_Net'});0.18677921769111877;0.7182657630880197;0.17845678278444893;0.9554423933800127;1.3302073445242695;1.0;0.044299665460554166;6.322921231267437;0.3052522814549884;0.2456092505727064;0.8418452542070418;0.6019487402786181;4
frozenset({'TV_Assinatura'});frozenset({'Celular_Net', 'Internet'});0.13161336345262156;0.7139460230650339;0.1249554155272857;0.949412827461608;1.329810373318832;1.0;0.030990578108073666;5.6546741511965735;0.28560214389258454;0.17340372875763077;0.82315515036558;0.5622168217241429;3
frozenset({'TV', 'TV_Assinatura'});frozenset({'Urbano', 'Internet'});0.12943367811992232;0.6462568858241192;0.11100542939801054;0.8576240048989591;1.3270636239415854;1.0;0.027358023655468106;2.4845699159105967;0.2830991968462902;0.16700453136179344;0.5975158543149713;0.514695365422436;4
frozenset({'TV', 'Alta_Renda', 'Urbano', 'Internet'});frozenset({'Celular_Net'});0.20485079063131614;0.7182657630880197;0.19522054452502674;0.9529889727219965;1.3267915884293828;1.0;0.0480832350730403;5.992939385177054;0.3097558579901197;0.26819839930309786;0.8331369740742912;0.6123916393073676;5
frozenset({'Alta_Escol', 'Alta_Renda', 'Urbano'});frozenset({'TV', 'Celular_Net'});0.17683192644552767;0.6643680894067293;0.15582768596678953;0.8812191842223219;1.3264020326581871;1.0;0.03834619684806302;2.8256407265418395;0.29894352957966824;0.22736209089857753;0.6460979661685972;0.5578847054492664;5
frozenset({'TV', 'TV_Assinatura'});frozenset({'Celular_Net'});0.12943367811992232;0.7182657630880197;0.12329092854595174;0.9525413349663198;1.32616836819715;1.0;0.030323148961856616;5.93641301777116;0.2825148713397674;0.17019530608895453;0.8315481087642631;0.5620960923341861;3
frozenset({'TV', 'Alta_Renda', 'Internet'});frozenset({'Celular_Net'});0.23429635794396228;0.7182657630880197;0.22312051678357706;0.9523004059539918;1.3258329366275146;1.0;0.05483346445621318;5.906428399374555;0.32095597580486274;0.30587851787460607;0.8306929446387783;0.6314691171239832;4
frozenset({'Alta_Escol', 'Radio', 'Internet'});frozenset({'TV', 'Celular_Net'});0.14619743986050013;0.6643680894067293;0.12868069591408077;0.8801843317972351;1.3248443834550008;1.0;0.031551782117805086;2.8012355614899915;0.28717923917544613;0.1887132395675927;0.6430146704734482;0.5369365944359594;5
frozenset({'TV_Assinatura'});frozenset({'Urbano', 'Internet'});0.13161336345262156;0.6462568858241192;0.11263028573693179;0.8557663354411322;1.3241891176909357;1.0;0.027574243339202636;2.452569691394782;0.28192610182268324;0.16930775646371976;0.5922643896690667;0.5150236595338978;3
frozenset({'TV_Assinatura'});frozenset({'Celular_Net'});0.13161336345262156;0.7182657630880197;0.12507430745452383;0.950316169828365;1.3230703990994885;1.0;0.03054093452164572;5.670541822937497;0.2811907845693176;0.17256274263218327;0.8236500089012707;0.5622249575692255;2
frozenset({'Alta_Escol', 'Alta_Renda'});frozenset({'TV', 'Celular_Net', 'Internet'});0.1956564815915666;0.6610391154440614;0.1710854832956842;0.874417662548106;1.322792618649662;1.0;0.041748895773497746;2.69911272105269;0.3033823183390339;0.24953757225433523;0.6295078778295755;0.5666153060941969;5
frozenset({'Alta_Renda', 'Urbano', 'Internet'});frozenset({'Celular_Net'});0.21523401894344707;0.7182657630880197;0.203899655213411;0.9473393481863377;1.3189259419987782;1.0;0.049304428354494695;5.3499952470942835;0.3081266540696529;0.27946768060836497;0.8130839460945082;0.6156085396857532;4
frozenset({'Alta_Renda'});frozenset({'Celular_Net', 'Urbano', 'Internet'});0.2678635120675306;0.5774580905956486;0.203899655213411;0.7612072791833111;1.3182035052935617;1.0;0.04921970299465031;1.7694924198661777;0.3297087294064844;0.3178869323447637;0.4348661860469414;0.5571529498654871;4
frozenset({'Alta_Escol', 'Alta_Renda'});frozenset({'TV', 'Celular_Net'});0.1956564815915666;0.6643680894067293;0.17128363650774778;0.8754304233340084;1.3176888494385013;1.0;0.04129571365271578;2.694332914795084;0.29974195420046157;0.24869094884630874;0.628850616600193;0.5666223937237925;4
frozenset({'Alta_Renda', 'Internet'});frozenset({'Celular_Net'});0.2469385328736179;0.7182657630880197;0.23366226766535886;0.9462365591397849;1.3173905924064329;1.0;0.056294773915053664;5.240256806562828;0.3199256537589344;0.31941058562218966;0.8091696577260081;0.6357755296250679;3
frozenset({'TV_Assinatura', 'Urbano'});frozenset({'TV', 'Internet'});0.1149684936392819;0.7336028217017397;0.11100542939801054;0.9655291278869356;1.3161469658025524;1.0;0.026664218057434824;7.728182142432536;0.2714100341457079;0.1505023910590511;0.8706034638457372;0.5584222809765832;4
frozenset({'Alta_Renda'});frozenset({'Celular_Net', 'Urbano'});0.2678635120675306;0.5806681726310784;0.20421670035271272;0.762390886225773;1.312954493047702;1.0;0.048676884285916905;1.7647968998670862;0.32556631638286104;0.31695165457005775;0.4333625585610934;0.5570417439591874;3
frozenset({'TV_Assinatura'});frozenset({'TV', 'Internet'});0.13161336345262156;0.7336028217017397;0.12630285736931796;0.9596507076181873;1.3081338828442397;1.0;0.029750922566818147;6.6022763367800135;0.27125273779603687;0.17093054438187186;0.8485370879693126;0.5659093038928277;3
frozenset({'Celular_Net', 'Alta_Renda', 'Urbano', 'Alta_Escol'});frozenset({'TV', 'Internet'});0.16240637260729995;0.7336028217017397;0.15566916339713865;0.9585163494387506;1.3065875990161524;1.0;0.03652739019007928;6.42173903921336;0.2801448789350972;0.21026711632139605;0.8442789415929776;0.5853572509443227;6
frozenset({'TV', 'Radio', 'Celular_Net', 'Alta_Escol'});frozenset({'Urbano', 'Internet'});0.12915626362303334;0.6462568858241192;0.10898426663496215;0.843817121816508;1.3056992355918284;1.0;0.025516141921261642;2.2649288980337814;0.2688505754734933;0.163534728829686;0.5584850363876257;0.5062281782504997;6
frozenset({'Radio', 'Celular_Net', 'Urbano', 'Alta_Escol'});frozenset({'TV', 'Internet'});0.11389846629413863;0.7336028217017397;0.10898426663496215;0.9568545581071676;1.3043223523698428;1.0;0.025428030374081548;6.174399116364497;0.26330883231889535;0.1475717735444057;0.8380409200711335;0.5527074367976279;6
frozenset({'Celular_Net', 'Alta_Renda', 'Alta_Escol'});frozenset({'TV', 'Internet'});0.17885308920857607;0.7336028217017397;0.1710854832956842;0.9565699091513405;1.3039343372921925;1.0;0.03987835238219983;6.133930947245142;0.28385933585725104;0.23076923076923073;0.8369724066670301;0.5948912967505933;5
frozenset({'Celular_Net', 'Alta_Renda', 'Urbano'});frozenset({'TV', 'Internet'});0.20421670035271272;0.7336028217017397;0.19522054452502674;0.9559479914612846;1.3030865792524766;1.0;0.045406596907658026;6.047333302955652;0.2922796734297079;0.2628882484790266;0.8346378560759588;0.6110300164750646;5
frozenset({'Radio', 'Celular_Net', 'Alta_Escol'});frozenset({'Urbano', 'Internet'});0.13486307613046408;0.6462568858241192;0.11346252922759878;0.8413164854540112;1.3018298201668648;1.0;0.026306337634863952;2.2292366991491153;0.2679927723978944;0.1699412358283374;0.551415962072716;0.5084426298000417;5
frozenset({'Radio', 'Celular_Net', 'Alta_Escol'});frozenset({'TV', 'Internet'});0.13486307613046408;0.7336028217017397;0.12868069591408077;0.9541580957978254;1.3006467090522678;1.0;0.02974476272139577;5.811215370185761;0.2671851150947892;0.1739433224406707;0.8279189573440239;0.5647836559697895;5
frozenset({'Celular_Net', 'Alta_Renda'});frozenset({'TV', 'Internet'});0.2341378353743114;0.7336028217017397;0.22312051678357706;0.9529451591062966;1.2989933120700765;1.0;0.051356340085844804;5.6614191704536845;0.3005411501405106;0.299643408377242;0.8233658434586705;0.6285443206800458;4
frozenset({'TV', 'Alta_Escol', 'Alta_Renda', 'Urbano'});frozenset({'Celular_Net', 'Internet'});0.16787540126025444;0.7139460230650339;0.15566916339713865;0.9272898961284229;1.298823533111768;1.0;0.035815188296933226;3.9341709295341394;0.27648799988593065;0.2143753752114828;0.7458168397074669;0.5726652089579112;6
frozenset({'TV', 'Alta_Escol', 'Alta_Renda'});frozenset({'Celular_Net', 'Internet'});0.1848373162128958;0.7139460230650339;0.1710854832956842;0.9256003430531732;1.2964570333755603;1.0;0.039121616471473136;3.844829246180637;0.2805170994990977;0.23510510837599388;0.7399104261929508;0.5826169908438222;5
frozenset({'Urbano', 'Alta_Escol', 'Radio', 'Internet', 'TV'});frozenset({'Celular_Net'});0.11714817897198114;0.7182657630880197;0.10898426663496215;0.9303112313937753;1.295218676989579;1.0;0.02484074047128021;4.042749535494234;0.2581742441245964;0.15002727768685215;0.752643592876513;0.5410218703868015;6
frozenset({'TV', 'Alta_Escol', 'Urbano', 'Internet'});frozenset({'Celular_Net'});0.3960686402726588;0.7182657630880197;0.3678516228748068;0.9287572543526117;1.293055164372073;1.0;0.08336907873413119;3.9545673647448543;0.37527077542440607;0.49277978339350176;0.7471278378224012;0.720447927551499;5
frozenset({'TV', 'Alta_Escol', 'Alta_Renda', 'Urbano'});frozenset({'Celular_Net'});0.16787540126025444;0.7182657630880197;0.15582768596678953;0.9282341831916903;1.292326922559916;1.0;0.035248532776885375;3.9257441696024618;0.2718366829616845;0.21337095723898414;0.7452712258370967;0.572592041937933;5
frozenset({'TV', 'Alta_Escol', 'Internet'});frozenset({'Celular_Net'});0.45690167637617407;0.7182657630880197;0.4234930448222566;0.92688004163414;1.2904416293618546;1.0;0.09531621358372849;3.8530415389777213;0.41442127005135937;0.5633995887594242;0.7404647757144821;0.7582424926775864;4
frozenset({'TV', 'Alta_Renda', 'Alta_Escol'});frozenset({'Celular_Net'});0.1848373162128958;0.7182657630880197;0.17128363650774778;0.926672384219554;1.2901525199190027;1.0;0.03852132053095056;3.8421300612791685;0.2758932030200758;0.2340517708220513;0.7397277072741604;0.5825703567533436;4
frozenset({'Alta_Escol', 'Urbano', 'Internet'});frozenset({'TV', 'Celular_Net'});0.42923948797210004;0.6643680894067293;0.3678516228748068;0.8569845812944327;1.2899243581366273;1.0;0.08267860435285995;2.3468232560592095;0.3937916850053236;0.5068530552066838;0.5738920698786656;0.7053355261518692;5
frozenset({'Celular_Net', 'Urbano', 'Radio'});frozenset({'TV', 'Internet'});0.1889192723814053;0.7336028217017397;0.17869456663892522;0.9458779106356199;1.2893596952659823;1.0;0.040102855346086735;4.922152515301575;0.2766940791858415;0.24023656028557733;0.7968368519887826;0.5947314030515899;5
frozenset({'Alta_Renda'});frozenset({'TV', 'Urbano', 'Internet'});0.2678635120675306;0.5931914556334958;0.20485079063131614;0.7647581003106969;1.2892264260515642;1.0;0.04595644399687718;1.729320095203272;0.30641972646409116;0.3121753835004228;0.4217380560292075;0.5550474093215697;4
frozenset({'TV', 'Alta_Escol', 'Radio', 'Internet'});frozenset({'Celular_Net'});0.13898466294138628;0.7182657630880197;0.12868069591408077;0.9258625605930995;1.2890250491859234;1.0;0.028852770928954732;3.8001614186550543;0.26041334694520124;0.1766209747606614;0.7368532833655477;0.5525086362886045;5
frozenset({'Alta_Escol', 'Urbano', 'Radio', 'Internet'});frozenset({'Celular_Net'});0.1229342527642373;0.7182657630880197;0.11346252922759878;0.9229529335912314;1.284974143307633;1.0;0.02516306435623837;3.656651058163023;0.25285929196915324;0.1559113434623972;0.7265257241957438;0.5404601348600606;5
frozenset({'Celular_Net', 'Radio'});frozenset({'TV', 'Internet'});0.2417072880751397;0.7336028217017397;0.22779693258827727;0.942449581898672;1.2846864188887253;1.0;0.05047978403047951;4.628935585302257;0.2922353403411563;0.30473968826211434;0.7839676138127329;0.6264838261176143;4
frozenset({'Alta_Escol', 'Alta_Renda', 'Urbano'});frozenset({'Celular_Net', 'Internet'});0.17683192644552767;0.7139460230650339;0.1621685887528237;0.9170775437023757;1.2845194371491562;1.0;0.03592013811611064;3.449656338064379;0.26908082001877504;0.22257274952406855;0.7101160515713558;0.572110795165093;5
frozenset({'Celular_Net', 'Urbano', 'Internet'});frozenset({'TV', 'Alta_Escol'});0.5774580905956486;0.49617564300717315;0.3678516228748068;0.637018735845172;1.2838573291997784;1.0;0.08133098346381645;1.388017528028452;0.5232552048567144;0.5211971475096862;0.2795480029561256;0.6891962688810525;5
frozenset({'TV', 'Alta_Escol'});frozenset({'Celular_Net', 'Urbano', 'Internet'});0.49617564300717315;0.5774580905956486;0.3678516228748068;0.7413738019169329;1.2838573291997781;1.0;0.08133098346381645;1.6337939177709946;0.43883796068451886;0.5211971475096862;0.3879277005974459;0.6891962688810525;5
frozenset({'Alta_Escol', 'Internet'});frozenset({'TV', 'Celular_Net'});0.49680973328577654;0.6643680894067293;0.4234930448222566;0.8524250159540524;1.2830613473853856;1.0;0.09342851152051845;2.274314395241753;0.4384306584820645;0.5740840227785539;0.5603070524936361;0.7449311908689374;4
frozenset({'TV', 'Celular_Net'});frozenset({'Alta_Escol', 'Internet'});0.6643680894067293;0.49680973328577654;0.4234930448222566;0.6374373657838225;1.2830613473853856;1.0;0.09342851152051845;1.3878712785780258;0.6573094899925344;0.5740840227785539;0.2794720840216739;0.7449311908689374;4
frozenset({'TV', 'Alta_Escol'});frozenset({'Celular_Net', 'Urbano'});0.49617564300717315;0.5806681726310784;0.3689612808623628;0.7436102236421726;1.2806113003796709;1.0;0.08084787693333723;1.635524759706822;0.4349192868451762;0.5212182286418093;0.38857544401880156;0.689509179525154;4
frozenset({'Celular_Net', 'Urbano'});frozenset({'TV', 'Alta_Escol'});0.5806681726310784;0.49617564300717315;0.3689612808623628;0.6354081354081353;1.2806113003796709;1.0;0.08084787693333723;1.3818859001607822;0.522552584222921;0.5212182286418093;0.2763512531073294;0.689509179525154;4
frozenset({'Alta_Escol', 'Urbano', 'Internet'});frozenset({'Celular_Net'});0.42923948797210004;0.7182657630880197;0.39448341457615027;0.9190287138768349;1.2795106785066306;1.0;0.08617538620035897;3.4794338882481823;0.38273710784648945;0.5238671648860584;0.7125969246383704;0.7341226111869277;4
frozenset({'Alta_Escol', 'Alta_Renda', 'Urbano'});frozenset({'Celular_Net'});0.17683192644552767;0.7182657630880197;0.16240637260729995;0.9184222321828777;1.2786663090195625;1.0;0.035394054020578436;3.4535663876408145;0.264751680219016;0.2216572912159238;0.710444251606492;0.5722656294438997;4
frozenset({'Alta_Escol', 'Radio', 'Internet'});frozenset({'Celular_Net'});0.14619743986050013;0.7182657630880197;0.13426861649427338;0.918406072106262;1.2786438102768323;1.0;0.02926000079135639;3.4528823919212535;0.2552362568397407;0.18388059701492537;0.7103868923135896;0.552670261831105;4
frozenset({'Alta_Escol', 'Alta_Renda'});frozenset({'Celular_Net', 'Internet'});0.1956564815915666;0.7139460230650339;0.17845678278444893;0.9120923637836743;1.2775368645769334;1.0;0.03876861586525296;3.2540287652717237;0.2700882370628227;0.24407826982492276;0.6926886416394367;0.5810253659051594;4
frozenset({'Celular_Net'});frozenset({'Alta_Escol', 'Internet'});0.7182657630880197;0.49680973328577654;0.4552371893948401;0.63380048554403;1.2757408784087836;1.0;0.09839576720677629;1.374087749574896;0.7671831513672188;0.5991237677984667;0.27224443976785934;0.7750607405384478;3
frozenset({'Alta_Escol', 'Internet'});frozenset({'Celular_Net'});0.49680973328577654;0.7182657630880197;0.4552371893948401;0.9163209955328654;1.2757408784087834;1.0;0.09839576720677629;3.3668449894457453;0.42954280720402915;0.5991237677984667;0.7029860290168508;0.7750607405384478;3
frozenset({'Alta_Renda', 'Urbano'});frozenset({'TV', 'Celular_Net', 'Internet'});0.23152221297507233;0.6610391154440614;0.19522054452502674;0.843204382060938;1.2755741110637677;1.0;0.042175305654333334;2.1618007506285943;0.28112625047809314;0.27994998863378034;0.5374226788897051;0.5692640615340661;5
frozenset({'Urbano', 'Radio', 'Internet'});frozenset({'TV', 'Celular_Net'});0.21111243213252487;0.6643680894067293;0.17869456663892522;0.8464426506476441;1.2740567527912194;1.0;0.038438203453031866;2.185710498447865;0.2726695375116006;0.25645546581731316;0.5424828673741887;0.5577059352021327;5
frozenset({'Alta_Escol', 'Alta_Renda'});frozenset({'Celular_Net'});0.1956564815915666;0.7182657630880197;0.17885308920857607;0.914117885355479;1.2726736151608253;1.0;0.038319737155092404;3.2804762444208633;0.26636950836461487;0.24331464308820355;0.6951662120093967;0.5815623635561328;3
frozenset({'Alta_Renda', 'Urbano'});frozenset({'TV', 'Celular_Net'});0.23152221297507233;0.6643680894067293;0.1954186977370903;0.8440602533378979;1.2704707929178702;1.0;0.04160272744762364;2.152317916230391;0.277028448731947;0.27898161244695896;0.5353846230340273;0.569101231417219;4
frozenset({'Celular_Net', 'Urbano', 'Alta_Escol'});frozenset({'TV', 'Internet'});0.3959497483454207;0.7336028217017397;0.3678516228748068;0.9290361325192674;1.2664020707610975;1.0;0.07738177023651244;3.7539833686571527;0.34825143506071593;0.4829344432882414;0.7336162945341677;0.7152338568706218;5
frozenset({'TV', 'Alta_Renda'});frozenset({'Urbano', 'Internet'});0.25058455197558754;0.6462568858241192;0.20485079063131614;0.8174916969792819;1.264964002568113;1.0;0.04290879843594078;1.9382302521092665;0.2795027386857274;0.29603115514575346;0.4840654257089649;0.5672360674140293;4
frozenset({'Celular_Net', 'Alta_Escol'});frozenset({'TV', 'Internet'});0.45713946023065033;0.7336028217017397;0.4234930448222566;0.9263979193758128;1.2628058289454858;1.0;0.08813424688584126;3.619424560271421;0.3833629527755583;0.5519628099173555;0.7237129871481531;0.7518381471980355;4
frozenset({'Alta_Escol', 'Radio'});frozenset({'TV', 'Celular_Net', 'Urbano', 'Internet'});0.1609796694804423;0.5365592676257283;0.10898426663496215;0.6770064007877892;1.2617551156716362;1.0;0.02260913307590423;1.4348294625794904;0.2472564442784081;0.1851727156420443;0.3030530623463557;0.44006166113693324;6
frozenset({'Radio', 'Internet'});frozenset({'TV', 'Celular_Net'});0.27198509887845285;0.6643680894067293;0.22779693258827727;0.8375346058574967;1.2606484555954554;1.0;0.047098712099299195;2.06586708735571;0.28400166832779683;0.3214944907433302;0.515941753406803;0.5902061003517978;4
frozenset({'Alta_Renda'});frozenset({'Internet', 'TV', 'Celular_Net'});0.2678635120675306;0.6610391154440614;0.22312051678357706;0.832963456132564;1.2600819477573733;1.0;0.04605225770671695;2.0292618411989274;0.2819157681353717;0.3161322926610141;0.507209971775165;0.5852467160758743;4
frozenset({'Celular_Net', 'Urbano'});frozenset({'TV', 'Internet'});0.5806681726310784;0.7336028217017397;0.5365592676257283;0.924037674037674;1.2595884948945293;1.0;0.11057945771117622;3.5069644711824868;0.4914721676992612;0.6899205055034653;0.7148531135067879;0.8277203118176053;4
frozenset({'TV', 'Internet'});frozenset({'Celular_Net', 'Urbano'});0.7336028217017397;0.5806681726310784;0.5365592676257283;0.7314029495975367;1.2595884948945293;1.0;0.11057945771117622;1.561192971928019;0.7736190131546982;0.6899205055034653;0.35946419310033484;0.8277203118176053;4
frozenset({'Alta_Escol', 'Radio'});frozenset({'TV', 'Celular_Net', 'Urbano'});0.1609796694804423;0.5390559980977292;0.10930131177426386;0.6789758739537173;1.259564639573162;1.0;0.022524255369041485;1.4358547053121344;0.2456136979693889;0.1850261639608211;0.30355070307575854;0.44087008666072863;5
frozenset({'TV', 'Urbano', 'Internet'});frozenset({'Celular_Net'});0.5931914556334958;0.7182657630880197;0.5365592676257283;0.9045296632816676;1.2593244865143631;1.0;0.11049015408784219;2.951013336667966;0.5061926241691705;0.6924257147240834;0.6611333511867096;0.8257750942760137;4
frozenset({'Celular_Net'});frozenset({'TV', 'Urbano', 'Internet'});0.7182657630880197;0.5931914556334958;0.5365592676257283;0.7470205252703598;1.2593244865143631;1.0;0.11049015408784219;1.6080693692690344;0.7309139523275476;0.6924257147240834;0.3781362799948356;0.8257750942760137;4
frozenset({'Alta_Renda'});frozenset({'TV', 'Celular_Net'});0.2678635120675306;0.6643680894067293;0.22335830063805334;0.8338511614144104;1.2551041729879395;1.0;0.045398330903971634;2.020067750400638;0.27761679602960676;0.3150891709062447;0.5049670983551562;0.5850238866007866;3
frozenset({'TV', 'Internet'});frozenset({'Celular_Net'});0.7336028217017397;0.7182657630880197;0.6610391154440614;0.9010858408513858;1.254529851147816;1.0;0.13411732491093675;2.848270048868199;0.7616020483226625;0.835880731646204;0.6489096950630211;0.9107062397812435;3
frozenset({'Celular_Net'});frozenset({'TV', 'Internet'});0.7182657630880197;0.7336028217017397;0.6610391154440614;0.9203266387111012;1.2545298511478158;1.0;0.13411732491093675;3.3436166616881327;0.7201419283759938;0.835880731646204;0.7009226531682858;0.9107062397812435;3
frozenset({'TV', 'Alta_Renda', 'Urbano'});frozenset({'Celular_Net', 'Internet'});0.2179685332699243;0.7139460230650339;0.19522054452502674;0.8956363636363637;1.2544875028385438;1.0;0.03960277704364576;2.7409353190632655;0.25940353660465876;0.264995427403303;0.6351610368019347;0.5845375823177655;5
frozenset({'TV', 'Alta_Escol', 'Radio'});frozenset({'Celular_Net', 'Urbano', 'Internet'});0.15095311695002575;0.5774580905956486;0.10898426663496215;0.7219742714623261;1.2502626306917077;1.0;0.02181516795153865;1.5197942709359533;0.23575617828773174;0.17594369801663468;0.3420162063223479;0.45535265628568916;6
frozenset({'Urbano', 'Internet'});frozenset({'TV', 'Celular_Net'});0.6462568858241192;0.6643680894067293;0.5365592676257283;0.8302569448703011;1.2496941952942202;1.0;0.10720681512481534;1.9772939183686653;0.5648286258846713;0.693170182265001;0.4942582937669509;0.8189402118768112;4
frozenset({'TV', 'Celular_Net'});frozenset({'Urbano', 'Internet'});0.6643680894067293;0.6462568858241192;0.5365592676257283;0.8076234788833214;1.2496941952942202;1.0;0.10720681512481534;1.8388060669905322;0.595307629548539;0.693170182265001;0.4561688598098644;0.8189402118768112;4
frozenset({'TV', 'Urbano', 'Radio', 'Internet'});frozenset({'Celular_Net'});0.19910434748147268;0.7182657630880197;0.17869456663892522;0.8974920382165604;1.2495264069917495;1.0;0.03568473056100302;2.7484132160112384;0.24934182744851674;0.24191211974891358;0.6361536925472596;0.5731390890707609;5
frozenset({'Alta_Escol', 'Alta_Renda', 'Urbano'});frozenset({'TV', 'Internet'});0.17683192644552767;0.7336028217017397;0.16201006618317282;0.9161810847153743;1.2488788996068847;1.0;0.032285665975779226;3.178246549643951;0.24209132746704565;0.21646809637278264;0.6853610994678726;0.5685113732150152;5
frozenset({'TV', 'Celular_Net', 'Urbano', 'Internet'});frozenset({'Alta_Escol'});0.5365592676257283;0.5489636587009076;0.3678516228748068;0.6855750055395524;1.2488531702844012;1.0;0.07330008420910761;1.434479921270475;0.42996944604103615;0.5125628140703516;0.30288323651520305;0.6778293739797098;5
frozenset({'Alta_Escol'});frozenset({'TV', 'Celular_Net', 'Urbano', 'Internet'});0.5489636587009076;0.5365592676257283;0.3678516228748068;0.6700837424198671;1.248853170284401;1.0;0.07330008420910761;1.404722324912125;0.44179445584780574;0.5125628140703516;0.2881155355293746;0.6778293739797098;5
frozenset({'TV', 'Alta_Renda', 'Urbano'});frozenset({'Celular_Net'});0.2179685332699243;0.7182657630880197;0.1954186977370903;0.8965454545454545;1.2482085331353703;1.0;0.03885936285879171;2.7232659103969974;0.25427597752650477;0.26378858396191085;0.6327938464686248;0.5843078188639874;4
frozenset({'TV', 'Alta_Renda'});frozenset({'Celular_Net', 'Internet'});0.25058455197558754;0.7139460230650339;0.22312051678357706;0.8904001265222203;1.2471532829605987;1.0;0.04421667245907307;2.6099845543431295;0.2644380270008539;0.30094077400042757;0.616855970148959;0.6014587365888926;4
frozenset({'TV', 'Alta_Escol', 'Radio'});frozenset({'Celular_Net', 'Urbano'});0.15095311695002575;0.5806681726310784;0.10930131177426386;0.7240745602520346;1.246967880073682;1.0;0.021647641201926943;1.5197287635092507;0.23326712405922398;0.17563522893714573;0.34198784413945654;0.45615412424286145;5
frozenset({'TV', 'Urbano', 'Celular_Net'});frozenset({'Alta_Escol'});0.5390559980977292;0.5489636587009076;0.3689612808623628;0.6844581679164828;1.2468187230029317;1.0;0.07303912790196393;1.4294026827470305;0.42946385455883346;0.5131172839506172;0.300407077676532;0.6782816395458822;4
frozenset({'Alta_Escol'});frozenset({'TV', 'Urbano', 'Celular_Net'});0.5489636587009076;0.5390559980977292;0.3689612808623628;0.6721051111752815;1.2468187230029317;1.0;0.07303912790196393;1.4057675725121652;0.43889764452805485;0.5131172839506172;0.28864485171402954;0.6782816395458822;4
frozenset({'Celular_Net', 'Radio'});frozenset({'TV', 'Urbano', 'Internet'});0.2417072880751397;0.5931914556334958;0.17869456663892522;0.7393015248401378;1.2463118236431852;1.0;0.03531586858840838;1.5604561711266096;0.2606283548021895;0.2723154970407054;0.35916175122174343;0.5202720879144569;5
frozenset({'TV_Assinatura', 'Urbano', 'Celular_Net'});frozenset({'Internet'});0.11005429398010541;0.8022430943605596;0.10997503269527999;0.9992797983435362;1.245607229738796;1.0;0.021684735345013514;274.5854634803653;0.2215626313880678;0.13707088169918497;0.9963581466137172;0.5681821112944772;4
frozenset({'TV', 'Celular_Net', 'Urbano', 'TV_Assinatura'});frozenset({'Internet'});0.10858796021083501;0.8022430943605596;0.10850869892600959;0.9992700729927008;1.2455951070406963;1.0;0.021394757716167986;270.926960726046;0.22118940534279366;0.13524326994319583;0.9963089683015668;0.5672633524574233;5
frozenset({'TV_Assinatura', 'Celular_Net'});frozenset({'Internet'});0.12507430745452383;0.8022430943605596;0.1249554155272857;0.9990494296577948;1.2453200740283126;1.0;0.024615416089964495;208.04026473270773;0.22515465397964668;0.15573446606737132;0.9951932381874018;0.5774034877380512;3
frozenset({'TV_Assinatura', 'TV', 'Celular_Net'});frozenset({'Internet'});0.12329092854595174;0.8022430943605596;0.12317203661871359;0.9990356798457087;1.2453029348192841;1.0;0.02426274059542262;205.0739111480911;0.22468404415109045;0.15351180480094834;0.9951237093280098;0.5762851175002885;4
frozenset({'TV', 'Celular_Net', 'Alta_Renda', 'Urbano'});frozenset({'Internet'});0.1954186977370903;0.8022430943605596;0.19522054452502674;0.9989860068951532;1.2452410172398063;1.0;0.03844724375651251;195.02786034162432;0.2447765197007124;0.24328328723824572;0.9948725274519838;0.6211646924264829;5
frozenset({'Celular_Net', 'Urbano', 'Alta_Escol', 'TV', 'Alta_Renda'});frozenset({'Internet'});0.15582768596678953;0.8022430943605596;0.15566916339713865;0.9989827060020344;1.245236902660146;1.0;0.030657478420095863;194.39503824353898;0.23329355180727845;0.19400404998271345;0.9948558357814298;0.5965125455120086;6
frozenset({'TV', 'Alta_Renda', 'Celular_Net'});frozenset({'Internet'});0.22335830063805334;0.8022430943605596;0.22312051678357706;0.9989354151880766;1.2451779544257637;1.0;0.043932862528588995;185.75965336397277;0.2535299608605406;0.27803842165045184;0.9946166996875224;0.6385281235402913;4
frozenset({'TV', 'Celular_Net', 'Alta_Renda', 'Alta_Escol'});frozenset({'Internet'});0.17128363650774778;0.8022430943605596;0.1710854832956842;0.9988431281813975;1.245062918213763;1.0;0.03367436873037932;170.94106923473691;0.23750917316865383;0.21320624259186088;0.9941500307417243;0.6060510162469996;5
frozenset({'Celular_Net', 'Alta_Renda', 'Urbano', 'Alta_Escol'});frozenset({'Internet'});0.16240637260729995;0.8022430943605596;0.1621685887528237;0.9985358711566619;1.2446799208069974;1.0;0.03187919784846935;135.06796655174546;0.2346968621631504;0.20208405353350783;0.9925963200192482;0.6003399110760339;5
frozenset({'Celular_Net', 'Alta_Renda', 'Urbano'});frozenset({'Internet'});0.20421670035271272;0.8022430943605596;0.203899655213411;0.9984475063070055;1.2445697735831975;1.0;0.04006821760234755;127.38016684499541;0.24693844640872836;0.2540615278257864;0.9921494842975291;0.6263047194134445;4
frozenset({'Alta_Escol'});frozenset({'Celular_Net', 'Urbano', 'Internet'});0.5489636587009076;0.5774580905956486;0.39448341457615027;0.7185965925498122;1.2444134115578487;1.0;0.0774799084163229;1.5015522137170536;0.43546054756722324;0.5389571714765282;0.334022492947797;0.7008671659475436;4
frozenset({'Celular_Net', 'Urbano', 'Internet'});frozenset({'Alta_Escol'});0.5774580905956486;0.5489636587009076;0.39448341457615027;0.6831377393452749;1.2444134115578487;1.0;0.0774799084163229;1.4234460751719897;0.46482615755604645;0.5389571714765282;0.2974795340391284;0.7008671659475436;4
frozenset({'Urbano', 'Internet'});frozenset({'Celular_Net'});0.6462568858241192;0.7182657630880197;0.5774580905956486;0.8935426503955357;1.244027902087318;1.0;0.11327389534830035;2.6464517288730787;0.5545253061980744;0.7336858006042296;0.6221355601956045;0.8487521241383991;3
frozenset({'Celular_Net'});frozenset({'Urbano', 'Internet'});0.7182657630880197;0.6462568858241192;0.5774580905956486;0.8039615978812624;1.244027902087318;1.0;0.11327389534830035;1.8044582609973723;0.6962572630642865;0.7336858006042296;0.4458170512366003;0.8487521241383991;3
frozenset({'Celular_Net', 'Alta_Renda'});frozenset({'Internet'});0.2341378353743114;0.8022430943605596;0.23366226766535886;0.997968855788761;1.2439731333358597;1.0;0.04582680610778797;97.36231654315318;0.2560827872866644;0.291088620093804;0.9897290857951518;0.6446150162459094;3
frozenset({'Celular_Net', 'Alta_Renda', 'Alta_Escol'});frozenset({'Internet'});0.17885308920857607;0.8022430943605596;0.17845678278444893;0.9977841790383337;1.243742932849591;1.0;0.034973127061815656;89.24769151508008;0.23866049832072478;0.22233743149163088;0.9887952283916382;0.6101157223799089;4
frozenset({'Alta_Renda'});frozenset({'Urbano', 'Internet'});0.2678635120675306;0.6462568858241192;0.21523401894344707;0.8035212309513241;1.2433464905006906;1.0;0.042125379808773344;1.8004139372852241;0.2673257924312982;0.307967110859087;0.4445721734925791;0.5682841943068389;3
frozenset({'Celular_Net', 'Urbano', 'Alta_Escol', 'Radio', 'TV'});frozenset({'Internet'});0.10930131177426386;0.8022430943605596;0.10898426663496215;0.9970993473531544;1.2428892867540455;1.0;0.021298044059508442;68.17669321919612;0.2194042835473758;0.13579576317218903;0.9853322308140572;0.5664743883927754;6
frozenset({'TV', 'Celular_Net', 'Urbano', 'Alta_Escol'});frozenset({'Internet'});0.3689612808623628;0.8022430943605596;0.3678516228748068;0.9969924812030075;1.2427560775673314;1.0;0.07185498321654937;65.75417112511441;0.3095481469125218;0.45789551576143256;0.9847918393177333;0.727760677690868;5
frozenset({'TV', 'Alta_Escol', 'Celular_Net'});frozenset({'Internet'});0.42491974794911425;0.8022430943605596;0.4234930448222566;0.9966424174594293;1.2423197213730068;1.0;0.08260411137265011;58.898598396281116;0.33917741583559663;0.5269490606045663;0.9830216672853265;0.7622643001687306;4
frozenset({'Alta_Escol'});frozenset({'Celular_Net', 'Urbano'});0.5489636587009076;0.5806681726310784;0.3959497483454207;0.7212676869766098;1.2421340121130764;1.0;0.0771840238066937;1.5044248828578868;0.432191089544952;0.5396748230972829;0.33529416364056275;0.7015770594315208;3
frozenset({'Celular_Net', 'Urbano'});frozenset({'Alta_Escol'});0.5806681726310784;0.5489636587009076;0.3959497483454207;0.6818864318864318;1.2421340121130764;1.0;0.0771840238066937;1.417846915407488;0.464867856545799;0.5396748230972829;0.2947052399429166;0.7015770594315208;3
frozenset({'TV', 'Radio', 'Celular_Net', 'Alta_Escol'});frozenset({'Internet'});0.12915626362303334;0.8022430943605596;0.12868069591408077;0.9963178889229825;1.2419151949411458;1.0;0.025065975329090315;53.70747962324385;0.22368196767751014;0.16030609725993583;0.9813806194776786;0.5783595076191259;5
frozenset({'Celular_Net', 'Urbano', 'Alta_Escol'});frozenset({'Internet'});0.3959497483454207;0.8022430943605596;0.39448341457615027;0.9962966670003003;1.2418887417091624;1.0;0.07683546325223511;53.3997093038826;0.32244815456967413;0.49082840236686387;0.981273306296308;0.7440111008765271;4
frozenset({'Radio', 'Celular_Net', 'Urbano', 'Alta_Escol'});frozenset({'Internet'});0.11389846629413863;0.8022430943605596;0.11346252922759878;0.9961725817675713;1.2417340688505223;1.0;0.0220882711848671;51.66848607343138;0.21969783492210745;0.14135479411474275;0.980645842833893;0.5688020938774131;5
frozenset({'Celular_Net', 'Alta_Escol'});frozenset({'Internet'});0.45713946023065033;0.8022430943605596;0.4552371893948401;0.9958387516254876;1.2413179479210557;1.0;0.0885002142650872;47.523456386477804;0.35811153868314294;0.5661130550490366;0.9789577594721302;0.7816470841563687;3
frozenset({'Alta_Escol', 'Radio', 'Celular_Net'});frozenset({'Internet'});0.13486307613046408;0.8022430943605596;0.13426861649427338;0.9955921245959447;1.2410105261043063;1.0;0.02607564498438615;44.86444999273387;0.22447898892428939;0.16724257083621286;0.9777106372604154;0.5814793108283285;4
frozenset({'TV', 'Alta_Renda'});frozenset({'Celular_Net'});0.25058455197558754;0.7182657630880197;0.22335830063805334;0.8913490431757076;1.2409738692591386;1.0;0.04337199619523843;2.5930212226993445;0.25911029759208287;0.29961192919036733;0.6143494734073189;0.6011589621087101;3
frozenset({'TV', 'Urbano', 'Celular_Net'});frozenset({'Internet'});0.5390559980977292;0.8022430943605596;0.5365592676257283;0.9953683281870314;1.2407315627695183;1.0;0.10410531567818604;42.69665762710621;0.42092724496374145;0.6667487442135329;0.9765789629545816;0.8320960595635547;4
frozenset({'Internet'});frozenset({'TV', 'Urbano', 'Celular_Net'});0.8022430943605596;0.5390559980977292;0.5365592676257283;0.668823790940078;1.2407315627695183;1.0;0.10410531567818604;1.3918391155291867;0.9811232036419394;0.6667487442135329;0.2815261556866124;0.8320960595635547;4
frozenset({'TV', 'Radio', 'Internet'});frozenset({'Celular_Net'});0.25569690484682756;0.7182657630880197;0.22779693258827727;0.8908865468071917;1.2403299622371369;1.0;0.044138600109225906;2.5820302507899133;0.26032798586735584;0.3052899936265137;0.6127078682776576;0.604017539570005;4
frozenset({'TV', 'Celular_Net'});frozenset({'Internet'});0.6643680894067293;0.8022430943605596;0.6610391154440614;0.9949892627057981;1.2402590557652227;1.0;0.1280544036039939;39.46662816832823;0.5771704846537221;0.8205834604220987;0.9746621374459727;0.9094889009769667;3
frozenset({'Internet'});frozenset({'TV', 'Celular_Net'});0.8022430943605596;0.6643680894067293;0.6610391154440614;0.8239885392481351;1.2402590557652227;1.0;0.1280544036039939;1.90687532027493;0.9795705079223194;0.8205834604220987;0.4755818645469586;0.9094889009769667;3
frozenset({'Alta_Escol', 'Alta_Renda'});frozenset({'TV', 'Internet'});0.1956564815915666;0.7336028217017397;0.17798121507549639;0.9096617378975087;1.2399921469595288;1.0;0.03444706809568862;2.948885357081866;0.24062266344979197;0.23690457350846655;0.6608888176685268;0.5761371192863914;4
frozenset({'Celular_Net', 'Urbano'});frozenset({'Internet'});0.5806681726310784;0.8022430943605596;0.5774580905956486;0.9944717444717445;1.2396139667171628;1.0;0.1116210589874006;35.77202693122319;0.46096488286280485;0.7169356425900412;0.9720451960431921;0.857138060646681;3
frozenset({'Internet'});frozenset({'Celular_Net', 'Urbano'});0.8022430943605596;0.5806681726310784;0.5774580905956486;0.7198043768216174;1.2396139667171628;1.0;0.1116210589874006;1.4965680855834063;0.977448782679627;0.7169356425900412;0.33180454024571115;0.857138060646681;3
frozenset({'TV', 'Celular_Net', 'Urbano', 'Radio'});frozenset({'Internet'});0.17972496334165577;0.8022430943605596;0.17869456663892522;0.9942668136714443;1.239358519457173;1.0;0.03451145591387714;34.493367964417736;0.23544660820616192;0.22245794069761704;0.9710089197137384;0.6085052390740268;5
frozenset({'Internet'});frozenset({'Celular_Net'});0.8022430943605596;0.7182657630880197;0.7139460230650339;0.8899372622634985;1.239008328111612;1.0;0.13772227471205234;2.5597603939897735;0.975454800803383;0.8851709905660377;0.6093384356020335;0.9419615686731307;2
frozenset({'Celular_Net'});frozenset({'Internet'});0.7182657630880197;0.8022430943605596;0.7139460230650339;0.993985875082763;1.2390083281116118;1.0;0.13772227471205234;32.88207484228558;0.684698193277378;0.8851709905660377;0.9695882937802324;0.9419615686731307;2
frozenset({'TV', 'Radio', 'Celular_Net'});frozenset({'Internet'});0.22926326635754765;0.8022430943605596;0.22779693258827727;0.9936041486603285;1.2385325042308981;1.0;0.043872060362389054;30.919559435788656;0.24988149795883435;0.2834319526627219;0.967658012654523;0.6387770780351487;4
frozenset({'Celular_Net', 'Urbano', 'Radio'});frozenset({'Internet'});0.1889192723814053;0.8022430943605596;0.18765109182419848;0.9932871827144956;1.238137404605783;1.0;0.03609191016459448;29.45959903697571;0.2371344711516285;0.2335388409371147;0.966055206700374;0.6135976001504109;4
frozenset({'Urbano', 'Radio', 'Internet'});frozenset({'Celular_Net'});0.21111243213252487;0.7182657630880197;0.18765109182419848;0.8888680307865591;1.237519698788195;1.0;0.03601625966116273;2.5351322297806074;0.2432945615246993;0.25299209232742037;0.6055432579599443;0.5750619121048223;4
frozenset({'Celular_Net', 'Radio'});frozenset({'Internet'});0.2417072880751397;0.8022430943605596;0.2399635398089803;0.9927857025741925;1.2375123071212073;1.0;0.04605553709408103;27.411803806703446;0.2531044085016645;0.2984669985705132;0.9635193653416032;0.6459507231440345;3
frozenset({'TV', 'Alta_Escol'});frozenset({'Urbano', 'Internet'});0.49617564300717315;0.6462568858241192;0.3960686402726588;0.7982428115015974;1.2351788104875088;1.0;0.0754117144010632;1.7533110805550378;0.37791070772409174;0.5306642595444166;0.4296505559735387;0.7055542260120362;4
frozenset({'Urbano', 'Internet'});frozenset({'TV', 'Alta_Escol'});0.6462568858241192;0.49617564300717315;0.3960686402726588;0.6128656405224749;1.2351788104875088;1.0;0.0754117144010632;1.301419893787744;0.5382454433448778;0.5306642595444166;0.23160848794962713;0.7055542260120362;4
frozenset({'Alta_Renda', 'Urbano'});frozenset({'Celular_Net', 'Internet'});0.23152221297507233;0.7139460230650339;0.203899655213411;0.8806915439917835;1.2335548004187995;1.0;0.03860529200864232;2.3976001911823106;0.24637635836287844;0.2749572466866182;0.5829162828407695;0.5831434406053838;4
frozenset({'Celular_Net', 'Alta_Renda', 'Alta_Escol', 'Internet'});frozenset({'TV', 'Urbano'});0.17845678278444893;0.7076447509214124;0.15566916339713865;0.8723073506551188;1.2326910494556795;1.0;0.0293851577934007;2.2895229332189206;0.22977089786931781;0.21311920134555912;0.5632277862383912;0.5461447147540827;6
frozenset({'Celular_Net', 'Alta_Renda', 'Alta_Escol'});frozenset({'TV', 'Urbano'});0.17885308920857607;0.7076447509214124;0.15582768596678953;0.8712608021271881;1.231212131500635;1.0;0.029263236202261567;2.2709109106569123;0.2286951044199265;0.2132668004556056;0.5596480710417973;0.5457334476585761;5
frozenset({'Radio', 'Internet'});frozenset({'Celular_Net'});0.27198509887845285;0.7182657630880197;0.2399635398089803;0.8822672300743114;1.2283297846206742;1.0;0.04460595521447788;2.392997608820444;0.2553332161590788;0.31982886118740755;0.5821140830588126;0.6081773139998571;3
frozenset({'Alta_Renda', 'Urbano'});frozenset({'Celular_Net'});0.23152221297507233;0.7182657630880197;0.20421670035271272;0.8820609380349196;1.2280425761109648;1.0;0.03792222137834539;2.388811918780536;0.24164131793312058;0.27390634135969805;0.5813818609417816;0.5831900364418694;3
frozenset({'Internet', 'Celular_Net', 'TV_Assinatura'});frozenset({'TV', 'Urbano'});0.1249554155272857;0.7076447509214124;0.10850869892600959;0.8683793212813193;1.2271402001507354;1.0;0.020084655028921913;2.221195422517557;0.21152886508717886;0.14985496141426302;0.5497919769406983;0.5108585674506955;5
frozenset({'TV_Assinatura', 'Celular_Net'});frozenset({'TV', 'Urbano'});0.12507430745452383;0.7076447509214124;0.10858796021083501;0.8681875792141952;1.2268692420649523;1.0;0.020079783065510337;2.2179643415673618;0.21135190734221862;0.14995621716287216;0.5491361239408686;0.5108187000013629;4
frozenset({'Alta_Escol', 'Urbano', 'Radio'});frozenset({'TV', 'Celular_Net', 'Internet'});0.1343875084215115;0.6610391154440614;0.10898426663496215;0.8109702152757299;1.226811237533123;1.0;0.020148866941274837;1.793161247315426;0.213581340370096;0.1587668148490272;0.4423256684265745;0.4879191603956587;6
frozenset({'Alta_Escol', 'Radio'});frozenset({'TV', 'Urbano', 'Internet'});0.1609796694804423;0.5931914556334958;0.11714817897198114;0.7277203348104382;1.2267882955820273;1.0;0.021656414505478533;1.4940834604129654;0.2203324830497765;0.18389946497449297;0.33069334712827925;0.46260415457785403;5
frozenset({'TV_Assinatura', 'Alta_Escol'});frozenset({'Internet'});0.10311893155788056;0.8022430943605596;0.10141481393413387;0.9834742505764796;1.2259055359776865;1.0;0.018688363193985008;11.966592290088931;0.2054636554944595;0.1261461106181603;0.9164340210012647;0.5549441598186948;3
frozenset({'Alta_Escol', 'Alta_Renda', 'Internet'});frozenset({'TV', 'Urbano'});0.18677921769111877;0.7076447509214124;0.16201006618317282;0.8673880755357521;1.2257394326833353;1.0;0.0298367332028448;2.2045924622518127;0.22646484933795666;0.22120015150695305;0.546401424697524;0.5481653639327506;5
frozenset({'Alta_Escol', 'Urbano', 'Radio'});frozenset({'TV', 'Celular_Net'});0.1343875084215115;0.6643680894067293;0.10930131177426386;0.813329401356532;1.224215031283069;1.0;0.02001853956413352;1.7979902193077106;0.2115843304465142;0.1585330804161637;0.4438234483917075;0.48892430459141323;5
frozenset({'TV_Assinatura', 'Internet'});frozenset({'TV', 'Urbano'});0.12828438948995363;0.7076447509214124;0.11100542939801054;0.8653073833796725;1.2227991266139828;1.0;0.020225654550286853;2.1705365625398803;0.20901792926032;0.1531270500765362;0.5392844252161144;0.5110867114030979;4
frozenset({'TV', 'Urbano', 'TV_Assinatura'});frozenset({'Internet'});0.11322474537312249;0.8022430943605596;0.11100542939801054;0.9803990199509977;1.22207224573549;1.0;0.020171659311690293;10.089133560926502;0.20491975961902362;0.13798709296024433;0.9008834610067181;0.5593839194009792;4
frozenset({'Alta_Renda'});frozenset({'Celular_Net', 'Internet'});0.2678635120675306;0.7139460230650339;0.23366226766535886;0.8723183902944223;1.2218268077879078;1.0;0.042422178500512664;2.240369443920552;0.24797752909255724;0.31232122046826993;0.5536450460375668;0.5998006050833755;3
frozenset({'TV_Assinatura', 'Urbano'});frozenset({'Internet'});0.1149684936392819;0.8022430943605596;0.11263028573693179;0.9796621854532919;1.2211537778759527;1.0;0.02039760564578197;9.723606495932435;0.20462810093927683;0.1399862082553443;0.8971575001088004;0.5600281978988042;3
frozenset({'TV', 'Celular_Net', 'Urbano', 'Radio'});frozenset({'Alta_Escol', 'Internet'});0.17972496334165577;0.49680973328577654;0.10898426663496215;0.6063947078280044;1.220577350241228;1.0;0.019695155532398173;1.2784133666941195;0.22031096548634466;0.19202569652957194;0.2177803940004754;0.41288146367788225;6
frozenset({'Alta_Escol', 'Radio'});frozenset({'Celular_Net', 'Urbano', 'Internet'});0.1609796694804423;0.5774580905956486;0.11346252922759878;0.7048252092565238;1.2205651297213551;1.0;0.020503516664703972;1.431497277731839;0.21537902705433729;0.18154724159797084;0.30143073580659024;0.45065569020921037;5
frozenset({'Radio', 'Internet'});frozenset({'TV', 'Celular_Net', 'Urbano'});0.27198509887845285;0.5390559980977292;0.17869456663892522;0.657001311379863;1.2187997419532481;1.0;0.032079367695291267;1.3438652018076822;0.24658927472581596;0.28258962145901223;0.255877748263097;0.49424833985402494;5
frozenset({'Alta_Escol', 'Radio'});frozenset({'Celular_Net', 'Urbano'});0.1609796694804423;0.5806681726310784;0.11389846629413863;0.707533234859675;1.2184811708445384;1.0;0.020422695786175227;1.4337759955997975;0.21370894857650324;0.18143939393939396;0.30254098055138257;0.45184196550518557;4
frozenset({'Alta_Renda'});frozenset({'Celular_Net'});0.2678635120675306;0.7182657630880197;0.2341378353743114;0.874093800858115;1.2169503904796302;1.0;0.041740645475689536;2.2376518299507335;0.24349806263980997;0.311357048748353;0.5531029507740634;0.6000352032319708;2
frozenset({'TV', 'TV_Assinatura'});frozenset({'Internet'});0.12943367811992232;0.8022430943605596;0.12630285736931796;0.9758113900796082;1.2163537423246926;1.0;0.022465582919922816;8.175620934410306;0.2043161298984161;0.15682511563822457;0.8776851314386277;0.5666242644218127;3
frozenset({'Alta_Escol'});frozenset({'TV', 'Urbano', 'Internet'});0.5489636587009076;0.5931914556334958;0.3960686402726588;0.7214842622004042;1.2162755470405398;1.0;0.07042808847797782;1.4606303671759495;0.3942429248076917;0.5308615744183575;0.31536409041430086;0.6945876682461134;4
frozenset({'TV', 'Urbano', 'Internet'});frozenset({'Alta_Escol'});0.5931914556334958;0.5489636587009076;0.3960686402726588;0.6676910742918225;1.2162755470405398;1.0;0.07042808847797782;1.3572802486057125;0.43710460080237096;0.5308615744183575;0.2632324819967979;0.6945876682461134;4
frozenset({'TV_Assinatura'});frozenset({'TV', 'Urbano'});0.13161336345262156;0.7076447509214124;0.11322474537312249;0.8602830472749172;1.2156990441245512;1.0;0.020089239574762774;2.0924822892025636;0.20431912203496255;0.15594978165938864;0.5220987029806136;0.5101426437091432;3
frozenset({'TV_Assinatura'});frozenset({'Internet'});0.13161336345262156;0.8022430943605596;0.12828438948995363;0.974706413730804;1.2149763838200551;1.0;0.02269847753452152;7.818460519387889;0.20375570865482312;0.15924632262507996;0.8720975826992741;0.5673067710604324;2
frozenset({'Alta_Escol', 'Alta_Renda'});frozenset({'TV', 'Urbano'});0.1956564815915666;0.7076447509214124;0.16787540126025444;0.8580109378164879;1.2124882389070026;1.0;0.02942011907823039;2.0589983804579;0.21787921202464167;0.2282696556555478;0.5143269613560306;0.5476210603060934;4
frozenset({'Alta_Escol'});frozenset({'Urbano', 'Internet'});0.5489636587009076;0.6462568858241192;0.42923948797210004;0.7819087496390412;1.2099039357111625;1.0;0.07446794346943686;1.6219959012129423;0.3846432863860726;0.5603787251655629;0.38347563070153784;0.7230510204318343;3
frozenset({'Urbano', 'Internet'});frozenset({'Alta_Escol'});0.6462568858241192;0.5489636587009076;0.42923948797210004;0.6641932912246274;1.2099039357111625;1.0;0.07446794346943686;1.3431427351286158;0.49043527250278873;0.5603787251655629;0.25547749033222245;0.7230510204318343;3
frozenset({'Alta_Escol', 'Radio'});frozenset({'TV', 'Celular_Net', 'Internet'});0.1609796694804423;0.6610391154440614;0.12868069591408077;0.7993599212210734;1.209247535501879;1.0;0.022266837596251837;1.6893976847438317;0.20623988422139936;0.18559588453843956;0.4080730611681683;0.4970120949031026;5
frozenset({'Celular_Net', 'Urbano', 'Radio'});frozenset({'Alta_Escol', 'Internet'});0.1889192723814053;0.49680973328577654;0.11346252922759878;0.6005873715124816;1.208888093919468;1.0;0.01960559590324984;1.2598256310014195;0.21304115335184098;0.19826869806094183;0.20623935932696308;0.41448481530314574;5
frozenset({'TV', 'Alta_Escol', 'Urbano'});frozenset({'Celular_Net', 'Internet'});0.42654460428803553;0.7139460230650339;0.3678516228748068;0.8623989593979374;1.2079329970851045;1.0;0.06332179898351525;2.07886492488254;0.3001794274671221;0.4760976610586788;0.5189682657922078;0.688818130823032;5
frozenset({'Alta_Escol', 'Radio'});frozenset({'TV', 'Celular_Net'});0.1609796694804423;0.6643680894067293;0.12915626362303334;0.8023141309699655;1.2076349598404401;1.0;0.02220650817698512;1.6978042600620988;0.20492376046485627;0.1855183013605055;0.4110039516784909;0.4983594038290534;4
frozenset({'Alta_Renda', 'Urbano'});frozenset({'TV', 'Internet'});0.23152221297507233;0.7336028217017397;0.20485079063131614;0.8847997261211914;1.2061018577719207;1.0;0.03500544190617194;2.312470008348346;0.22236508732897792;0.26944328607172646;0.5675619591216934;0.5820195486529463;4
frozenset({'TV', 'Celular_Net', 'Radio'});frozenset({'Urbano', 'Internet'});0.22926326635754765;0.6462568858241192;0.17869456663892522;0.7794295592048401;1.206067705121465;1.0;0.030531602088830906;1.6037648240654159;0.22168289683259737;0.2564408803958369;0.37646718209900637;0.5279682903646694;5
frozenset({'TV', 'Alta_Escol', 'Urbano', 'Radio'});frozenset({'Celular_Net', 'Internet'});0.12658027186620696;0.7139460230650339;0.10898426663496215;0.8609893550407012;1.205958612031197;1.0;0.0186127849375929;2.057784689933065;0.19553502262518094;0.14897881792079745;0.5140405092466075;0.5068199620055018;6
frozenset({'TV', 'Urbano', 'Alta_Escol'});frozenset({'Celular_Net'});0.42654460428803553;0.7182657630880197;0.3689612808623628;0.8650004645544922;1.2042902627512415;1.0;0.06258889517233956;2.086927454840773;0.29581272264479935;0.47555805281708124;0.5208266594603321;0.6893419890638275;4
frozenset({'TV', 'Radio', 'Internet'});frozenset({'Celular_Net', 'Urbano'});0.25569690484682756;0.5806681726310784;0.17869456663892522;0.6988530688158711;1.2035325884132455;1.0;0.03021951215409513;1.3924492795595895;0.22720939038806473;0.27170834588731546;0.28184098718749395;0.5032963132777144;5
frozenset({'TV', 'Alta_Escol', 'Alta_Renda', 'Urbano'});frozenset({'Internet'});0.16787540126025444;0.8022430943605596;0.16201006618317282;0.9650613786591122;1.2029537997186868;1.0;0.02733318480912572;5.660123326274771;0.2027495401216108;0.20048060418812216;0.8233254043497753;0.5835038652422173;5
frozenset({'TV', 'Alta_Escol', 'Urbano', 'Radio'});frozenset({'Celular_Net'});0.12658027186620696;0.7182657630880197;0.10930131177426386;0.8634940513462742;1.2021929705153684;1.0;0.01838303621039372;2.0638971392129926;0.1925612388428304;0.14859913793103446;0.5154797295851086;0.5078339821948762;5
frozenset({'Celular_Net', 'Radio'});frozenset({'Urbano', 'Internet'});0.2417072880751397;0.6462568858241192;0.18765109182419848;0.7763567797999673;1.2013129714044628;1.0;0.03144609255176545;1.5817296578876083;0.22099309830552039;0.26795314356855865;0.36778071081028174;0.5333614401238139;4
frozenset({'TV', 'Alta_Escol', 'Radio'});frozenset({'Urbano', 'Internet'});0.15095311695002575;0.6462568858241192;0.11714817897198114;0.7760567077973222;1.2008486483013325;1.0;0.019593687706413426;1.5796102249659203;0.1969921715911032;0.17226107226107226;0.3669324342202364;0.4786642771218168;5
frozenset({'TV', 'Alta_Renda', 'Alta_Escol'});frozenset({'Internet'});0.1848373162128958;0.8022430943605596;0.17798121507549639;0.9629073756432247;1.2002688242654491;1.0;0.029696754563561606;5.331434727759249;0.20468712772480205;0.21997452978056428;0.8124332283778535;0.5923809219272291;4
